pdb_id,protein,ligand,function,bw_site_count,bw_sites
8JPB,ntr1_human,CHEMBL4576388,PAM,20,"['2.43', '2.46', '3.43', '3.46', '3.47', '3.50', '3.54', '5.58', '5.61', '5.65', '6.33', '6.36', '6.37', '6.40', '7.49', '7.53', '7.56', '8.47', '8.49', '8.50']"
8JHY,hcar2_human,compound 9n [PMID: 18752940],PAM,10,"['5.37', '5.40', '5.41', '5.44', '5.45', '5.48', '5.49', '6.59', '6.62', '6.63']"
7FIH,lshr_human,"5-Amino-N-(1,1-dimethylethyl)-2-(methylthio)-4-[3-[[2-(4-morpholinyl)acetyl]amino]phenyl]thieno[2,3-d]pyrimidine-6-carboxamide",Allosteric agonist,20,"['3.32', '3.33', '3.36', '3.37', '45.51', '45.52', '5.40', '5.43', '5.44', '5.47', '6.51', '6.54', '6.55', '6.58', '6.59', '6.61', '7.31', '7.34', '7.37', '7.42']"
7TRP,acm4_human,LY2033298,PAM,10,"['2.61', '2.64', '2.65', '2.68', '45.51', '6.58', '7.32', '7.35', '7.36', '7.39']"
6C1R,c5ar1_human,avacopan,NAM,20,"['5.43', '5.46', '5.47', '5.50', '5.51', '5.53', '5.54', '5.57', '6.35', '6.38', '6.39', '6.42', '6.46', '7.48', '7.52', '7.53', '7.56', '7.57', '8.49', '8.50']"
6QZH,ccr7_human,CHEMBL5433301,Allosteric antagonist,21,"['1.53', '1.56', '1.57', '1.60', '12.50', '12.51', '2.37', '2.39', '2.40', '2.43', '3.49', '3.50', '6.34', '6.36', '6.37', '7.53', '8.47', '8.48', '8.49', '8.50', '8.53']"
5KW2,ffar1_human,"(3~{S})-3-cyclopropyl-3-[2-[1-[2-[2,2-dimethylpropyl-(6-methylpyridin-2-yl)carbamoyl]-5-methoxy-phenyl]piperidin-4-yl]-1-benzofuran-6-yl]propanoic acid",Allosteric agonist,24,"['2.38', '2.42', '3.38', '3.41', '3.44', '3.45', '3.48', '3.49', '3.52', '34.53', '34.56', '34.57', '4.41', '4.42', '4.45', '4.48', '4.49', '4.52', '4.53', '5.45', '5.46', '5.49', '5.50', '5.53']"
6WJC,acm1_human,muscarinic toxin 7,NAM,17,"['2.61', '2.64', '2.65', '4.64', '4.67', '4.68', '45.50', '45.51', '5.35', '5.36', '5.38', '5.39', '6.58', '7.32', '7.35', '7.36', '7.39']"
5X7D,adrb2_human,4-carbamoyl-N-[(2R)-2-cyclohexyl-2-phenylacetyl]-L-phenylalanyl-3-bromo-N-methyl-L-phenylalaninamide,Allosteric antagonist,23,"['1.53', '1.56', '1.57', '1.60', '12.49', '12.50', '2.37', '2.39', '2.40', '2.43', '6.29', '6.32', '6.33', '6.36', '6.37', '7.53', '7.55', '8.47', '8.48', '8.49', '8.50', '8.52', '8.53']"
4XNV,p2ry1_human,BMS compound 16 [PMID:23368907],NAM,11,"['1.43', '1.47', '2.55', '2.56', '2.58', '2.59', '23.52', '3.24', '3.27', '3.28', '3.31']"
4MQT,acm2_human,LY2119620,PAM,10,"['2.61', '2.64', '2.65', '3.33', '45.51', '6.58', '7.32', '7.35', '7.36', '7.39']"
7EJX,gpr88_human,compound 2 [PMID: 24793972],Allosteric agonist,13,"['5.55', '5.59', '5.61', '5.62', '5.65', '5.66', '6.34', '6.35', '6.37', '6.38', '6.41', '6.42', '6.45']"
5TZR,ffar1_human,MK-8666,Allosteric agonist,15,"['3.26', '3.29', '3.30', '3.33', '3.37', '4.54', '4.57', '4.58', '4.60', '4.61', '4.62', '45.51', '5.35', '5.38', '5.39']"
9D3E,ccr6_human,"4-[[3,4-Dioxo-2-[[(1R)-1-(4-propan-2-ylfuran-2-yl)propyl]amino]cyclobuten-1-yl]amino]-3-hydroxy-N,N-dimethylpyridine-2-carboxamide",Allosteric antagonist,11,"['1.53', '1.56', '1.57', '1.60', '12.50', '12.51', '2.37', '2.39', '2.40', '2.43', '3.50']"
5TZY,ffar1_human,"(2S,3R)-3-Cyclopropyl-3-[(2R)-2-[1-[(1S)-1-[5-fluoro-2-(trifluoromethoxy)phenyl]ethyl]piperidin-4-yl]-3,4-dihydro-2H-chromen-7-yl]-2-methylpropanoic acid",PAM,24,"['2.38', '2.42', '3.37', '3.38', '3.41', '3.44', '3.45', '3.48', '3.49', '3.52', '34.53', '34.56', '34.57', '4.41', '4.42', '4.45', '4.49', '4.52', '4.53', '5.45', '5.46', '5.49', '5.50', '5.53']"
8I2G,fshr_human,FSHR agonist 1,Allosteric agonist,23,"['3.32', '3.33', '3.36', '3.37', '45.51', '45.52', '5.40', '5.43', '5.44', '5.47', '6.51', '6.54', '6.55', '6.57', '6.58', '6.59', '7.30', '7.31', '7.34', '7.35', '7.37', '7.38', '7.42']"
7XW5,tshr_human,"N-[4-[[5-[(2S)-3-benzyl-5-hydroxy-4-oxo-1,2-dihydroquinazolin-2-yl]-2-methoxyphenyl]methoxy]phenyl]acetamide",PAM,19,"['3.32', '3.33', '3.36', '3.37', '45.51', '45.52', '5.40', '5.43', '5.44', '6.51', '6.54', '6.55', '6.58', '6.59', '7.31', '7.34', '7.37', '7.38', '7.42']"
8DWG,mrgx1_human,CHEMBL5177388,PAM,17,"['1.36', '1.39', '2.56', '2.57', '2.60', '2.61', '3.25', '3.28', '3.29', '3.32', '3.33', '6.51', '6.55', '7.31', '7.35', '7.36', '7.39']"
8FN0,ntr1_rat,CHEMBL4576388,PAM,20,"['2.39', '2.43', '2.46', '3.43', '3.46', '3.47', '3.50', '3.54', '5.58', '5.61', '5.65', '6.33', '6.36', '6.37', '6.40', '7.49', '7.52', '7.53', '7.56', '8.47']"
8J20,ffar3_human,"(4R)-N-[2,5-bis(chloranyl)phenyl]-4-(furan-2-yl)-2-methyl-5-oxidanylidene-4,6,7,8-tetrahydro-1H-quinoline-3-carboxamide",PAM,19,"['2.43', '3.43', '3.46', '3.50', '5.50', '5.51', '5.54', '5.55', '5.58', '6.36', '6.37', '6.40', '6.41', '6.43', '6.44', '7.49', '7.52', '7.53', '7.56']"
8PKM,5ht1a_human,"(2r)-1-(Heptadecanoyloxy)-3-{[(R)-Hydroxy{[(1r,2r,3r,4r,5s,6r)-2,3,5,6-Tetrahydroxy-4-(Phosphonooxy)cyclohexyl]oxy}phosphoryl]oxy}propan-2-Yl (5z,8z,11z,14z)-Icosa-5,8,11,14-Tetraenoate",PAM,11,"['2.43', '3.50', '6.32', '6.35', '6.36', '6.39', '7.52', '7.53', '7.56', '8.47', '8.48']"
8K9L,oprm_human,"(2~{S})-2-(3-bromanyl-4-methoxy-phenyl)-3-(4-chlorophenyl)sulfonyl-1,3-thiazolidine",PAM,15,"['2.42', '3.41', '3.44', '3.45', '3.48', '3.49', '3.52', '34.56', '4.45', '4.48', '4.49', '5.45', '5.49', '5.50', '5.53']"
6LFL,cxcr2_human,"4-[[3,4-Dioxo-2-[[(1R)-1-(4-propan-2-ylfuran-2-yl)propyl]amino]cyclobuten-1-yl]amino]-3-hydroxy-N,N-dimethylpyridine-2-carboxamide",Allosteric antagonist,19,"['1.53', '1.56', '1.57', '12.50', '12.51', '2.37', '2.39', '2.40', '2.43', '3.50', '6.33', '6.34', '6.36', '6.37', '7.53', '8.47', '8.48', '8.49', '8.50']"
8JPF,ntr1_human,CHEMBL4576388,PAM,19,"['2.43', '2.46', '3.43', '3.46', '3.47', '3.50', '3.54', '5.58', '5.61', '5.65', '6.33', '6.36', '6.37', '6.40', '7.49', '7.53', '7.56', '8.47', '8.50']"
9D3G,ccr6_human,"4-[[3,4-Dioxo-2-[[(1R)-1-(4-propan-2-ylfuran-2-yl)propyl]amino]cyclobuten-1-yl]amino]-3-hydroxy-N,N-dimethylpyridine-2-carboxamide",NAM,11,"['1.53', '1.56', '1.57', '1.60', '12.50', '12.51', '2.37', '2.39', '2.40', '2.43', '3.50']"
9BJK,oprm_mouse,(2S)-3-(3-methoxy-4-methylphenyl)-N-methyl-2-[[2-[1-(5-phenylmethoxypyridin-3-yl)naphthalen-2-yl]sulfanylacetyl]amino]propanamide,NAM,13,"['3.32', '3.33', '3.35', '3.36', '5.39', '5.42', '6.48', '6.51', '6.52', '6.55', '7.35', '7.39', '7.43']"
6OIK,acm2_human,LY2119620,Ago-PAM,11,"['2.61', '2.64', '2.65', '2.68', '3.33', '45.51', '45.52', '7.32', '7.35', '7.36', '7.39']"
7WV9,cnr1_human,6-methyl-3-[(1S)-2-nitro-1-thiophen-2-yl-ethyl]-2-phenyl-1H-indole,PAM,10,"['2.52', '2.56', '3.27', '3.28', '3.30', '3.31', '3.34', '4.50', '4.57', '4.58']"
7XW6,tshr_human,"N-[4-[[5-[(2S)-3-benzyl-5-hydroxy-4-oxo-1,2-dihydroquinazolin-2-yl]-2-methoxyphenyl]methoxy]phenyl]acetamide",PAM,22,"['3.32', '3.33', '3.36', '3.37', '45.51', '45.52', '5.39', '5.40', '5.43', '5.44', '6.51', '6.54', '6.55', '6.56', '6.58', '6.59', '7.31', '7.34', '7.35', '7.37', '7.38', '7.42']"
4PHU,ffar1_human,fasiglifam,Allosteric agonist,17,"['3.26', '3.27', '3.29', '3.30', '3.33', '3.37', '4.54', '4.57', '4.58', '4.60', '4.61', '4.62', '45.51', '45.52', '5.35', '5.38', '5.39']"
8JPC,ntr1_human,CHEMBL4576388,PAM,21,"['2.43', '2.46', '3.43', '3.46', '3.47', '3.50', '3.54', '5.54', '5.58', '5.61', '5.65', '6.33', '6.36', '6.37', '6.40', '7.49', '7.53', '7.56', '8.47', '8.49', '8.50']"
5NDZ,par2_human,AZ3451,Allosteric antagonist,11,"['2.49', '2.52', '3.31', '3.34', '3.35', '3.38', '4.50', '4.53', '4.54', '4.61', '4.62']"
7TRQ,acm4_human,VU0467154,PAM,11,"['2.61', '2.64', '2.65', '2.68', '45.51', '6.58', '7.32', '7.33', '7.35', '7.36', '7.39']"
7LD3,aa1r_human,"{2-Amino-4-[3,5-bis(trifluoromethyl)phenyl]thiophen-3-yl}(4-chlorophenyl)methanone",Ago-PAM,13,"['1.38', '1.41', '1.42', '1.45', '6.43', '6.46', '6.47', '7.40', '7.41', '7.44', '7.45', '7.47', '7.48']"
7V6A,acm4_human,methyl 4-[4-(3-methyl-2-oxidanylidene-benzimidazol-1-yl)piperidin-1-yl]piperidine-1-carboxylate,Allosteric agonist,12,"['2.61', '2.64', '45.51', '6.51', '6.54', '6.55', '6.58', '7.31', '7.32', '7.35', '7.36', '7.39']"
6C1Q,c5ar1_human,NDT9513727,NAM,15,"['5.46', '5.47', '5.50', '5.51', '5.54', '6.35', '6.38', '6.39', '6.42', '6.46', '7.48', '7.52', '7.53', '7.56', '7.57']"
