detail_record_id,pair_id,zinc_id,direction,target_uniprot,offtarget_uniprot,source_stage,hotspot_bw,fast_rank,fast_target,fast_offtarget,fast_dd,detail_target_median,detail_offtarget_median,detail_dd_median,detail_dd_best,detail_dd_worst,detail_dd_sd,target_pose_stable,offtarget_pose_stable,high_confidence,pocketxmol_generated
A6BD-0001,O00421__P32246,ZINC000016020140,forward,O00421,P32246,wave1_detail_expansion,7.46x46,25,-7.223,-5.274,-1.949,-7.243,-5.703,-1.515000000000001,-1.62,-1.420999999999999,0.081282771168858,True,True,True,False
A6BD-0159,O00421__P32246,ZINC000064565708,reverse,P32246,O00421,wave1_detail_expansion,7.46x46,4,-8.19,-4.84,-3.35,-8.184,-5.388,-2.758000000000001,-3.237,-2.247999999999999,0.403823668889722,True,False,False,False
A6BD-0002,O00421__P35346,ZINC000733702257,forward,O00421,P35346,original_forward_top10,6.59x59,1,-7.13,-3.971,-3.159,-6.751,-4.941,-1.971,-2.052,-1.165,0.4004117325398391,False,False,False,False
A6BD-0177,O00421__P35346,ZINC000252492587,reverse,P35346,O00421,wave1_detail_expansion,6.59x59,5,-6.988,-4.243,-2.745,-6.619,-4.914,-1.727,-1.846,-1.686999999999999,0.06752941745804,False,False,False,False
A6BD-0004,O14804__Q969N4,ZINC000466601949,forward,O14804,Q969N4,wave1_detail_expansion,2.53x53,17,-6.968,-4.248,-2.72,-6.993,-4.907,-2.132,-2.199999999999999,-2.086,0.0468282915435621,True,False,True,False
A6BD-0263,O14804__Q969N4,ZINC000096105113,reverse,Q969N4,O14804,wave1_detail_expansion,2.53x53,18,-5.661,-3.599,-2.061999999999999,-5.779,-4.186,-1.45,-1.652,-1.401,0.1086308734507215,True,False,True,False
A6BD-0155,O43603__P32238,ZINC000787095926,reverse,P32238,O43603,wave1_detail_expansion,3.34x34,5,-6.721,-3.565,-3.156,-6.686,-4.334,-2.06,-2.937,-1.930000000000001,0.4472232850228915,False,False,False,False
A6BD-0010,O43613__O43614,ZINC000071789567,reverse,O43614,O43613,wave2_diverse_expansion,2.50x50,36,-7.72,-5.471,-2.249,-7.673,-5.607,-2.061,-2.108,-2.054,0.0239768406778056,True,True,True,False
A6BD-0020,P07550__P21918,ZINC000743422980,forward,P07550,P21918,wave4_expansion_rank101_200,2.53x53,176,-6.981,-5.093,-1.888,-6.948,-5.468,-1.48,-1.586,-1.415,0.070476158301151,True,False,True,False
A6BD-0088,P07550__P21918,ZINC000003433763,reverse,P21918,P07550,wave1_detail_expansion,2.53x53,23,-6.126,-4.113,-2.013,-6.386,-4.456,-1.949999999999999,-2.013,-1.492,0.232181442458742,False,False,False,False
A6BD-0023,P08172__P20309,ZINC000767342072,forward,P08172,P20309,original_forward_top10,2.50x50,2,-6.438,-3.265,-3.173,-6.083,-4.356,-1.466,-1.804999999999999,-1.269,0.2213659614504651,False,False,False,False
A6BD-0065,P08172__P20309,ZINC000032907607,reverse,P20309,P08172,wave4_expansion_rank101_200,2.50x50,179,-6.188,-4.293,-1.895,-6.321,-5.206,-1.114999999999999,-1.126,-1.1,0.0106562449087641,False,False,False,False
A6BD-0031,P08588__P08913,ZINC000769961110,forward,P08588,P08913,original_forward_top10,2.53x53,1,-6.483,-3.483,-3,-6.536,-4.104,-2.340999999999999,-2.437,-1.000999999999999,0.65548218045107,False,False,False,False
A6BD-0044,P08588__P08913,ZINC000431872868,reverse,P08913,P08588,wave2_diverse_expansion,2.53x53,93,-5.61,-3.536,-2.074,-5.369,-4.189,-1.022,-1.378,-1.003,0.1724728642102542,False,False,False,False
A6BD-0032,P08588__P18089,ZINC000742550024,forward,P08588,P18089,wave1_detail_expansion,2.53x53,17,-7.039,-4.691,-2.348,-6.974,-5.583,-1.498,-1.519,-1.201,0.1452101924797294,False,False,False,False
A6BD-0060,P08588__P18089,ZINC000101859513,reverse,P18089,P08588,wave1_detail_expansion,2.53x53,27,-6.735,-4.737,-1.998,-6.732,-5.302,-1.452,-1.564,-1.411,0.0646649484307807,False,False,False,False
A6BD-0034,P08588__P21918,ZINC000257203151,forward,P08588,P21918,wave2_diverse_expansion,2.53x53,83,-7.006,-5.093,-1.913,-7.128,-5.76,-1.378,-1.401999999999999,-1.368,0.0142672897060213,True,False,False,False
A6BD-0089,P08588__P21918,ZINC000767478420,reverse,P21918,P08588,wave1_detail_expansion,2.53x53,28,-5.601,-3.292,-2.309,-5.673,-3.712,-1.812,-2.182,-1.402,0.3185732080525431,False,False,False,False
A6BD-0035,P08588__P50406,ZINC000306124020,forward,P08588,P50406,wave1_detail_expansion,2.61x60,24,-9.546,-6.23,-3.315999999999999,-9.54,-6.33,-3.194,-3.246,-3.179,0.0287092706668456,False,False,False,False
A6BD-0230,P08588__P50406,ZINC000786268177,reverse,P50406,P08588,wave1_detail_expansion,2.61x60,30,-8.292,-6.629,-1.663,-8.226,-6.713,-1.457,-1.870000000000001,-1.414000000000001,0.2055761551239727,False,False,False,False
A6BD-0036,P08908__P11229,ZINC000003851417,forward,P08908,P11229,original_forward_top10,6.59x59,9,-7.35,-3.863,-3.487,-7.436,-4.642,-2.795,-3.447,-2.496,0.3970594693773495,False,False,False,False
A6BD-0051,P08908__P11229,ZINC000238950520,reverse,P11229,P08908,wave1_detail_expansion,6.59x59,2,-7.321,-4.947,-2.374,-7.157,-5.291,-1.866,-1.963,-1.828,0.0568409085860604,True,False,False,False
A6BD-0133,P0DMS8__P30542,ZINC000768806865,forward,P30542,P0DMS8,original_forward_top10,3.28x28,2,-6.309,-3.267,-3.042,-5.637,-4.293,-1.343999999999999,-1.495,-1.221,0.1120545502075762,False,False,False,False
A6BD-0048,P0DMS8__P30542,ZINC000466750023,reverse,P0DMS8,P30542,wave2_diverse_expansion,3.28x28,94,-6.155,-4.542,-1.613,-6.263,-4.677,-1.582,-1.705,-1.032,0.2926047770552551,False,True,False,False
A6BD-0054,P11229__P21728,ZINC001164821290,forward,P11229,P21728,wave2_diverse_expansion,2.68x67,64,-7.915,-6.215,-1.7,-8.084,-6.587,-1.538,-1.628,-1.452999999999999,0.0714531703674203,True,True,True,False
A6BD-0080,P11229__P21728,ZINC001470793641,reverse,P21728,P11229,wave1_detail_expansion,2.68x67,19,-8.78,-5.315,-3.464999999999999,-8.999,-6.127,-2.872000000000001,-2.876,-2.872,0.0018856180831641,True,True,True,False
A6BD-0058,P16473__P22888,ZINC000742796311,forward,P16473,P22888,original_forward_top10,2.64x64,6,-6.901,-3.906,-2.995,-6.744,-4.811,-1.765,-2.008,-1.719,0.1267920432133744,False,True,False,False
A6BD-0092,P16473__P22888,ZINC000575421163,reverse,P22888,P16473,wave1_detail_expansion,2.64x64,1,-6.489,-3.963,-2.526,-6.454,-4.949,-1.505,-1.621,-1.117999999999999,0.2150539983869688,True,False,True,False
A6BD-0059,P16473__P23945,ZINC000104078511,forward,P16473,P23945,original_forward_top10,7.38x37,1,-7.299,-3.703,-3.596,-7.352,-3.868,-3.484,-3.516,-3.423,0.0385774833578116,True,True,False,False
A6BD-0094,P16473__P23945,ZINC000577691835,reverse,P23945,P16473,wave1_detail_expansion,7.38x37,25,-9.213,-4.944,-4.268999999999999,-9.949,-5.46,-4.438,-4.64,-4.419,0.1000033332777796,True,False,True,False
A6BD-0071,P21452__Q969F8,ZINC000019655459,forward,P21452,Q969F8,wave2_diverse_expansion,2.49x49,36,-7.581,-5.886,-1.695000000000001,-7.658,-6.44,-1.183999999999999,-1.258,-1.151,0.0447387478094276,True,True,True,False
A6BD-0262,P21452__Q969F8,ZINC000247711380,reverse,Q969F8,P21452,wave1_detail_expansion,2.49x49,17,-8.881,-6.104,-2.777,-8.881,-6.477,-2.222999999999999,-2.458,-2.141999999999999,0.1340157536344975,False,True,False,False
A6BD-0087,P21917__P35462,ZINC000014992688,forward,P21917,P35462,original_forward_top10,3.38x38,9,-5.733,-2.605,-3.128,-6.263,-4.602,-1.539000000000001,-1.821,-1.069,0.3101841746804988,False,False,False,False
A6BD-0098,P25021__P35346,ZINC000767285673,forward,P25021,P35346,wave3_residual_rank31_100,2.50x50,51,-6.072,-3.847,-2.225,-5.961,-4.116,-1.725,-1.917000000000001,-1.524,0.1604556013356968,False,False,False,False
A6BD-0178,P25021__P35346,ZINC000072373140,reverse,P35346,P25021,wave4_expansion_rank101_200,2.50x50,178,-7.276,-5.174,-2.101999999999999,-7.267,-5.558,-1.709,-1.758,-1.558,0.0851156076560973,False,False,False,False
A6BD-0118,P28222__P28566,ZINC000020569088,forward,P28222,P28566,original_forward_top10,3.38x38,8,-6.848,-3.928,-2.92,-7.335,-4.67,-2.516,-2.679,-2.415,0.1087637603044119,True,True,True,False
A6BD-0126,P28222__P28566,ZINC000767806720,reverse,P28566,P28222,wave1_detail_expansion,3.38x38,18,-7.133,-5.014,-2.119,-7.333,-5.792,-1.541,-1.588,-1.487,0.0412660743091572,True,False,True,False
A6BD-0119,P28222__P30939,ZINC000015414927,forward,P28222,P30939,original_forward_top10,7.33x32,2,-8.968,-6.148,-2.82,-8.913,-6.553,-2.36,-2.624000000000001,-1.329,0.5587368690975111,True,False,True,False
A6BD-0149,P28222__P30939,ZINC000514289412,reverse,P30939,P28222,wave1_detail_expansion,7.33x32,10,-8.872,-5.919,-2.953,-8.806,-6.351,-2.475000000000001,-2.490999999999999,-2.452000000000001,0.0160069429380564,True,True,True,False
A6BD-0127,P28566__P30939,ZINC000015415517,forward,P28566,P30939,wave2_diverse_expansion,6.58x58,89,-8.883,-6.704,-2.178999999999999,-8.836,-7.769,-1.101,-1.392999999999999,-1.067,0.1463238417574747,True,True,True,False
A6BD-0150,P28566__P30939,ZINC000035677835,reverse,P30939,P28566,wave1_detail_expansion,6.58x58,11,-8.04,-4.421,-3.618999999999999,-8.079,-6.362,-1.704000000000001,-1.815,-1.667000000000001,0.0628879073343104,True,True,True,False
A6BD-0128,P28566__P34969,ZINC000732896794,forward,P28566,P34969,wave4_expansion_rank101_200,7.46x46,142,-6.866,-5.214,-1.651999999999999,-6.886,-5.707,-1.173,-1.379,-1.145,0.1043370606362966,False,False,False,False
A6BD-0175,P28566__P34969,ZINC000072327992,reverse,P34969,P28566,wave1_detail_expansion,7.46x46,10,-8.236,-4.921,-3.315,-8.094,-4.864,-2.935999999999999,-3.311999999999999,-2.823,0.2090364136274398,False,False,False,False
A6BD-0132,P30411__P51685,ZINC000745756805,forward,P30411,P51685,wave1_detail_expansion,2.60x60,16,-6.707,-4.626,-2.081,-6.41,-5.028,-1.369000000000001,-1.609,-1.359,0.1155662388223979,False,True,False,False
A6BD-0242,P30411__P51685,ZINC000675835656,reverse,P51685,P30411,wave1_detail_expansion,2.60x60,22,-8.918,-5.067,-3.850999999999999,-8.58,-5.126,-3.59,-3.877,-3.189000000000001,0.2821571666051854,False,False,False,False
A6BD-0135,P30550__P32247,ZINC001476229227,forward,P30550,P32247,original_forward_top10,5.35x36,2,-7.608,-4.17,-3.438,-7.211,-4.216,-2.995,-3.392,-2.377000000000001,0.4176332787931959,False,False,False,False
A6BD-0167,P30550__P32247,ZINC000746119001,reverse,P32247,P30550,wave1_detail_expansion,5.35x36,6,-5.552,-3.098,-2.454,-5.527,-3.672,-1.815,-1.855,-1.78,0.0306412938514171,False,False,False,False
A6BD-0136,P30559__P37288,ZINC000744389151,forward,P30559,P37288,original_forward_top10,6.51x51,3,-6.947,-3.455,-3.492,-5.991,-4.835,-1.302,-1.819,-1.156,0.2844437065962654,False,False,False,False
A6BD-0141,P30872__P35346,ZINC000013163419,forward,P30872,P35346,original_forward_top10,3.25x25,1,-6.738,-3.495,-3.243,-6.178,-4.599,-2.077999999999999,-2.786,-1.173,0.6601395475368993,False,False,False,False
A6BD-0179,P30872__P35346,ZINC000009449927,reverse,P35346,P30872,wave2_diverse_expansion,3.25x25,75,-6.321,-4.444,-1.877,-6.321,-4.84,-1.481,-1.608,-1.319,0.1182718149950451,False,False,False,False
A6BD-0145,P30874__P32745,ZINC000674055795,forward,P30874,P32745,original_forward_top10,7.39x38,5,-8.768,-4.732,-4.036,-9.215,-5.467,-3.747999999999999,-3.762,-3.539000000000001,0.1019836588217277,True,True,True,False
A6BD-0171,P30874__P32745,ZINC000239432798,reverse,P32745,P30874,wave1_detail_expansion,7.39x38,22,-9.949,-6.524,-3.425,-10.09,-6.51,-3.58,-3.610999999999999,-3.544,0.0273780122645078,True,True,False,False
A6BD-0160,P32246__P41597,ZINC000009582127,forward,P32246,P41597,wave4_expansion_rank101_200,6.44x44,116,-5.825,-3.879,-1.946,-6.186,-4.7,-1.378,-1.486,-1.114,0.1562561998769968,False,False,False,False
A6BD-0205,P32246__P41597,ZINC000002637336,reverse,P41597,P32246,wave1_detail_expansion,6.44x44,15,-5.889,-3.809,-2.08,-5.892,-4.523,-1.269,-1.369000000000001,-1.151,0.0890991956566765,False,False,False,False
A6BD-0164,P32246__P51681,ZINC000740845881,forward,P32246,P51681,wave4_expansion_rank101_200,6.44x44,185,-6.181,-4.325,-1.856,-6.42,-4.781,-1.630999999999999,-1.7,-1.326,0.1625019658000755,False,False,False,False
A6BD-0239,P32246__P51681,ZINC001467692882,reverse,P51681,P32246,wave1_detail_expansion,6.44x44,18,-6.203,-3.824,-2.379,-5.875,-4.255,-1.606000000000001,-2.544,-1.584,0.4474530391250263,False,False,False,False
A6BD-0199,P35346__P41145,ZINC000785589286,reverse,P41145,P35346,wave1_detail_expansion,3.25x25,3,-6.191,-3.096,-3.095,-6.139,-4.042,-2.047,-2.187,-1.967,0.0909212113132389,False,False,False,False
A6BD-0185,P35346__P51677,ZINC000674640746,forward,P35346,P51677,original_forward_top10,6.59x59,5,-7.476,-4.569,-2.907,-7.472,-5.567,-1.872,-1.935,-1.697,0.1006854287151597,False,True,False,False
A6BD-0234,P35346__P51677,ZINC000244933340,reverse,P51677,P35346,wave1_detail_expansion,6.59x59,3,-7.329,-4.147,-3.181999999999999,-7.306,-4.544,-2.767,-2.934,-2.762,0.0799291352803635,True,False,False,False
A6BD-0202,P41143__P41146,ZINC000032815315,reverse,P41146,P41143,wave1_detail_expansion,6.55x55,8,-10.827,-5.912,-4.915,-10.829,-6.453,-4.398000000000001,-4.399999999999999,-4.342,0.0268824602048747,True,True,True,False
A6BD-0240,P41597__P51681,ZINC000466750022,reverse,P51681,P41597,wave1_detail_expansion,5.42x43,7,-7.133,-3.906,-3.227,-7.184,-4.583,-2.601,-2.756,-2.584,0.0773864759933329,True,False,True,False
A6BD-0249,P46093__Q15743,ZINC000767767435,reverse,Q15743,P46093,wave1_detail_expansion,2.60x60,1,-5.858,-2.903,-2.955,-5.489,-3.452,-1.994,-2.195,-1.856,0.139190516918359,False,False,False,False
A6BD-0212,P46094__P51685,ZINC000575426302,forward,P46094,P51685,original_forward_top10,3.33x33,1,-9.12,-4.876,-4.244,-9.11,-5.413,-3.696999999999999,-3.727,-3.662,0.0265622957508488,True,False,True,False
A6BD-0244,P46094__P51685,ZINC001164900214,reverse,P51685,P46094,wave1_detail_expansion,3.33x33,6,-8.676,-5.122,-3.554,-8.842,-6.267,-2.572,-2.739000000000001,-2.559,0.0819606951871176,True,True,True,False
A6BD-0255,P49019__Q8TDS4,ZINC000786398601,reverse,Q8TDS4,P49019,wave1_detail_expansion,3.25x25,14,-6.59,-4.072,-2.518,-6.357,-4.195,-2.162,-2.177,-1.926,0.1149502307764343,False,False,False,False
A6BD-0228,P49682__Q9NPB9,ZINC000035379167,forward,P49682,Q9NPB9,original_forward_top10,2.50x50,1,-7.708,-4.885,-2.823,-7.288,-5.596,-1.77,-2.031,-1.212000000000001,0.3416050350916972,True,False,True,False
A6BD-0295,P49682__Q9NPB9,ZINC000040157288,reverse,Q9NPB9,P49682,wave1_detail_expansion,2.50x50,14,-6.394,-3.784,-2.61,-6.076,-4.219,-1.856999999999999,-2.079,-1.69,0.1593368200455316,False,True,False,False
A6BD-0252,Q8NDV2__Q96P69,ZINC000737626578,forward,Q8NDV2,Q96P69,wave2_diverse_expansion,5.58x58,86,-7.57,-5.598,-1.972,-7.499,-5.796,-1.691000000000001,-1.713,-1.298,0.1906590907585813,True,False,True,False
A6BD-0270,Q8NDV2__Q96P69,ZINC000743110078,reverse,Q96P69,Q8NDV2,wave1_detail_expansion,5.58x58,20,-6.493,-4.035,-2.458,-6.887,-4.738,-2.077999999999999,-2.180999999999999,-1.267,0.4087550203565292,False,False,False,False
A6BD-0260,Q92633__Q9HBW0,ZINC000466655834,forward,Q92633,Q9HBW0,original_forward_top10,5.47x47,1,-6.739,-4.542,-2.197,-6.512,-4.883,-1.56,-1.776999999999999,-1.531,0.1097704675928617,True,False,True,False
A6BD-0293,Q92633__Q9HBW0,ZINC000786960768,reverse,Q9HBW0,Q92633,wave1_detail_expansion,5.47x47,24,-7.816,-4.093,-3.723,-8.773,-4.62,-4.219,-4.407999999999999,-3.722,0.2893145155170903,True,False,True,False
A6BD-0264,Q969N4__Q96RI8,ZINC001164963486,forward,Q969N4,Q96RI8,original_forward_top10,3.43x43,7,-7.266,-5.19,-2.076,-7.269,-5.996,-1.273,-1.469,-1.219,0.107409910571087,True,False,True,False
A6BD-0272,Q969N4__Q96RI8,ZINC000727755110,reverse,Q96RI8,Q969N4,wave1_detail_expansion,3.43x43,18,-8.815,-4.847,-3.967999999999999,-8.913,-4.853,-4.021,-4.069,-4.016999999999999,0.0236267268622259,True,False,True,False
A6BD-0265,Q969N4__Q96RI9,ZINC000683308831,forward,Q969N4,Q96RI9,wave1_detail_expansion,2.53x53,16,-5.512,-3.466,-2.045999999999999,-5.33,-4.204,-1.073,-1.263,-1.014,0.1062397707494178,False,True,False,False
A6BD-0274,Q969N4__Q96RI9,ZINC000001033356,reverse,Q96RI9,Q969N4,wave1_detail_expansion,2.53x53,27,-6.497,-4.123,-2.374,-6.471,-4.798,-1.721,-1.723,-1.635,0.0410203201677738,True,False,True,False
A6BD-0267,Q96LB0__Q96LB2,ZINC000253375912,forward,Q96LB0,Q96LB2,original_forward_top10,2.40x40,1,-9.188,-5.406,-3.782,-9.248,-6.142,-3.12,-3.306999999999999,-3.014000000000001,0.1211307833156647,True,False,True,False
A6BD-0269,Q96LB0__Q96LB2,ZINC001164888647,reverse,Q96LB2,Q96LB0,wave1_detail_expansion,2.40x40,16,-7.959,-5.715,-2.244,-8.038,-6.254,-1.667000000000001,-1.876,-1.561000000000001,0.1308697401574895,False,True,False,False
A6BD-0273,Q96RI8__Q96RI9,ZINC000020533254,forward,Q96RI8,Q96RI9,original_forward_top10,2.53x53,8,-6.698,-4.262,-2.436,-6.633,-4.801,-1.885,-1.944,-1.282,0.2991346779555248,False,False,False,False
A6BD-0275,Q96RI8__Q96RI9,ZINC000012420609,reverse,Q96RI9,Q96RI8,wave4_expansion_rank101_200,2.53x53,175,-6.849,-5.32,-1.529,-6.648,-5.53,-1.114,-1.331,-1.109,0.1034934243751208,True,False,True,False
A6BD-0280,Q99500__Q9H228,ZINC000020529428,forward,Q99500,Q9H228,wave1_detail_expansion,5.40x40,20,-6.176,-4.013,-2.163,-6.861,-5.068,-1.624,-1.793,-1.533,0.1077249584203527,True,False,False,False
A6BD-0290,Q99500__Q9H228,ZINC000077521877,reverse,Q9H228,Q99500,wave1_detail_expansion,5.40x40,22,-8.17,-5.915,-2.255,-8.185,-5.981,-2.199000000000001,-2.205,-2.193,0.0048989794855665,True,True,True,False
A6BD-0283,Q99679__Q9Y2T5,ZINC000096274923,forward,Q99679,Q9Y2T5,wave1_detail_expansion,7.35x34,18,-7.443,-4.739,-2.704,-7.44,-6.141,-1.297000000000001,-1.408,-1.293,0.0532937352999601,True,True,True,False
A6BD-0299,Q99679__Q9Y2T5,ZINC000004742752,reverse,Q9Y2T5,Q99679,wave1_detail_expansion,7.35x34,1,-10.332,-5.698,-4.634,-9.702,-5.68,-4.022,-4.529000000000001,-3.475,0.4303969743801134,True,True,True,False
A6BD-0284,Q9BPV8__Q9H244,ZINC001471430099,forward,Q9BPV8,Q9H244,original_forward_top10,7.42x41,4,-6.389,-4.122,-2.267,-6.191,-4.582,-1.615,-1.918,-1.199,0.2947364170840713,True,False,True,False
A6BD-0291,Q9BPV8__Q9H244,ZINC000732270674,reverse,Q9H244,Q9BPV8,wave1_detail_expansion,7.42x41,3,-5.951,-3.353,-2.597999999999999,-5.922,-3.873,-1.768,-2.048999999999999,-1.308,0.3054399377218956,False,False,False,False
A6BD-0292,Q9H3N8__Q9Y5N1,ZINC000096402717,forward,Q9H3N8,Q9Y5N1,original_forward_top10,3.38x38,5,-7.673,-4.094,-3.579,-7.733,-5.964,-1.81,-1.816999999999999,-1.332,0.2269992657844218,True,False,True,False
A6BD-0302,Q9H3N8__Q9Y5N1,ZINC001164404988,reverse,Q9Y5N1,Q9H3N8,wave1_detail_expansion,3.38x38,1,-8.996,-5.871,-3.125,-8.948,-6.684,-2.264,-2.322000000000001,-2.104000000000001,0.0921882132740766,False,False,False,False
