pair_id,rank,uniprot_a,name_a,uniprot_b,name_b,surface_distance,pair_terminal_status,seed_task_records,generated_compounds,final_selected_count,hotspot1_bw,hotspot1_residues,hotspot1_fp_diff,hotspot2_bw,hotspot2_residues,hotspot2_fp_diff,hotspot3_bw,hotspot3_residues,hotspot3_fp_diff
O14843__O15529,1,O14843,FFAR3,O15529,GPR42,0.313,selected,1,1,1,3.25x25,C88->C88,1.794,7.39x38,T262->T262,1.484,3.26x26,P89->P89,1.288
P49019__Q8TDS4,2,P49019,HCAR3,Q8TDS4,HCAR2,0.468,direction_holds_only,0,0,0,3.25x25,C100->C100,1.384,3.26x26,R101->R101,1.258,6.58x58,I254->I254,1.177
P21728__P21918,3,P21728,DRD1,P21918,DRD5,0.477,selected,2,2,1,3.29x29,V100->V117,1.383,2.53x53,V73->V90,1.199,7.46x46,S324->S352,1.06
Q8NFJ6__Q8TCW9,4,Q8NFJ6,PKR2,Q8TCW9,PKR1,0.48,selected,3,5,3,7.49x49,N329->N338,1.432,4.42x42,A170->A179,1.242,1.57x57,L78->L87,1.179
P08172__P08173,5,P08172,ACM2,P08173,ACM4,0.481,final_review_no_selection,1,6,0,7.35x34,W422->W435,1.475,6.55x55,V407->V420,1.3,3.25x25,C96->C105,1.267
P04000__P04001,6,P04000,OPSR,P04001,OPSG,0.53,final_review_no_selection,1,5,0,7.33x32,L302->L302,1.287,7.31x30,H300->H300,1.249,3.22x22,H123->H123,1.121
P08913__P18089,7,P08913,ADA2A,P18089,ADA2B,0.541,selected,1,4,1,6.58x58,T412->G394,1.958,6.55x55,Y409->Y391,1.37,6.56x56,T410->S392,1.305
Q99679__Q9Y2T5,8,Q99679,GPR21,Q9Y2T5,GPR52,0.557,upstream_candidate_gate,0,0,0,7.35x34,S286->S299,2.137,7.36x35,F287->F300,2.009,3.25x25,C102->C114,1.529
P32246__P51677,9,P32246,CCR1,P51677,CCR3,0.587,selected,2,7,2,3.33x33,Y114->H114,2.346,3.25x25,C106->C106,1.499,6.59x59,V263->S263,1.488
Q969N4__Q96RI8,10,Q969N4,TAAR8,Q96RI8,TAAR6,0.587,upstream_candidate_gate,0,0,0,3.43x43,L122->L123,2.661,3.47x47,C126->S127,2.107,3.42x42,H121->H122,1.531
P25024__P25025,11,P25024,CXCR1,P25025,CXCR2,0.59,final_review_no_selection,2,7,0,7.43x42,F295->I304,2.161,7.39x38,E291->E300,1.867,5.42x43,P206->P215,1.654
P30872__P31391,12,P30872,SSR1,P31391,SSR4,0.597,selected,1,13,3,3.36x36,M141->M130,2.925,2.50x50,D104->D93,1.74,3.25x25,C130->C119,1.549
P28566__P30939,13,P28566,5HT1E,P30939,5HT1F,0.602,upstream_candidate_gate,0,0,0,6.58x58,V314->V316,1.946,7.49x49,N340->N343,1.901,1.35x35,I25->V26,1.631
P08912__P20309,14,P08912,ACM5,P20309,ACM3,0.604,,1,9,0,3.32x32,D110->D148,1.245,7.42x41,C484->C533,1.23,3.43x43,L121->L159,1.17
Q96RI8__Q96RI9,15,Q96RI8,TAAR6,Q96RI9,TAAR9,0.626,upstream_candidate_gate,0,0,0,2.53x53,V81->V81,2.524,2.40x40,N68->N68,2.007,3.35x35,F115->F115,1.637
P18089__P18825,16,P18089,ADA2B,P18825,ADA2C,0.627,selected,1,1,1,7.39x38,F412->F423,1.886,7.43x42,Y416->Y427,1.833,3.35x35,F95->F134,1.539
P16473__P22888,17,P16473,TSHR,P22888,LSHR,0.634,upstream_candidate_gate,0,0,0,2.64x64,D474->D419,1.569,3.38x38,L507->L452,1.503,1.56x56,I438->V383,1.462
P16473__P23945,18,P16473,TSHR,P23945,FSHR,0.634,upstream_candidate_gate,0,0,0,7.38x37,L663->L611,1.985,3.43x43,L512->L460,1.656,3.32x32,T501->T449,1.444
P41597__P51681,19,P41597,CCR2,P51681,CCR5,0.638,upstream_candidate_gate,0,0,0,5.42x43,R206->I198,2.357,3.53x53,A141->A129,1.722,3.33x33,H121->F109,1.703
P25103__P29371,20,P25103,NK1R,P29371,NK3R,0.641,selected,2,39,2,6.58x58,P271->T322,1.663,3.25x25,C105->C158,1.434,7.39x38,M291->F342,1.406
P28221__P28222,21,P28221,5HT1D,P28222,5HT1B,0.643,selected,1,1,1,7.46x46,S349->S362,1.707,7.56x56,F359->S372,1.524,3.37x37,T123->T134,1.402
P22888__P23945,22,P22888,LSHR,P23945,FSHR,0.644,selected,3,7,3,3.52x52,H466->H469,1.432,3.29x29,G443->G446,1.268,2.64x64,D419->D422,1.26
P25089__P25090,23,P25089,FPR3,P25090,FPR2,0.651,selected,2,4,1,2.43x43,Y64->Y64,2.123,2.39x39,N60->T60,2.052,3.43x43,I116->I116,1.963
P30550__P32247,24,P30550,GRPR,P32247,BRS3,0.653,direction_holds_only,0,0,0,5.35x36,P207->Q214,1.731,4.60x61,E175->E182,1.716,6.59x59,S288->S295,1.673
P08913__P18825,25,P08913,ADA2A,P18825,ADA2C,0.66,final_review_no_selection,2,13,0,6.58x58,T412->Y405,2.107,7.39x38,F427->F423,1.886,7.41x40,F429->I425,1.777
P08912__P11229,26,P08912,ACM5,P11229,ACM1,0.664,,1,1,0,3.47x47,S125->S120,1.474,2.53x53,I79->I74,1.454,7.46x46,S488->S411,1.392
P60893__Q9NS66,27,P60893,GPR85,Q9NS66,GP173,0.664,selected,1,5,3,6.58x58,R308->R309,1.358,5.62x62,A245->A247,1.352,7.53x53,C339->C340,1.338
P32238__P32239,28,P32238,CCKAR,P32239,GASR,0.665,selected,2,2,1,3.34x34,T123->V136,2.237,6.51x51,I329->V349,1.842,3.37x37,S126->S139,1.702
P32246__P51681,29,P32246,CCR1,P51681,CCR5,0.667,direction_holds_only,0,0,0,6.44x44,F248->Y244,2.776,3.38x38,S119->S114,2.655,2.50x50,D80->D76,2.505
P28223__P41595,30,P28223,5HT2A,P41595,5HT2B,0.668,selected,1,1,1,7.35x34,L362->L362,2.583,2.38x38,A108->A88,2.136,7.43x42,Y370->Y370,2.051
P07550__P21728,31,P07550,ADRB2,P21728,DRD1,0.671,final_review_no_selection,1,31,0,3.30x30,S111->A101,1.614,2.38x38,V67->V58,1.538,4.39x39,K147->P137,1.479
Q92633__Q9UBY5,32,Q92633,LPAR1,Q9UBY5,LPAR3,0.674,selected,1,1,1,2.57x57,Y102->Y83,1.534,7.53x53,Y311->Y293,1.473,2.39x39,I84->F65,1.412
P30874__P35346,33,P30874,SSR2,P35346,SSR5,0.677,final_review_no_selection,1,1,0,2.46x46,L85->L82,2.71,2.63x63,Q102->Q99,1.606,3.36x36,Q126->Q123,1.311
P07550__P08588,34,P07550,ADRB2,P08588,ADRB1,0.679,final_review_no_selection,2,2,0,3.30x30,S111->S136,1.601,1.28x28,D29->S54,1.584,7.39x38,N312->N363,1.467
P30872__P35346,35,P30872,SSR1,P35346,SSR5,0.682,direction_holds_only,0,0,0,3.25x25,C130->C112,2.128,3.36x36,M141->Q123,2.043,3.32x32,D137->D119,2.001
P08173__P11229,36,P08173,ACM4,P11229,ACM1,0.688,selected,1,1,1,7.35x34,W435->W400,1.883,2.68x67,G96->G89,1.821,6.28x28,A393->V358,1.561
P30872__P30874,37,P30872,SSR1,P30874,SSR2,0.689,selected,1,3,3,3.36x36,M141->Q126,1.819,3.32x32,D137->D122,1.617,3.33x33,A138->G123,1.615
Q96LB0__Q96LB2,38,Q96LB0,MRGX3,Q96LB2,MRGX1,0.689,upstream_candidate_gate,0,0,0,2.40x40,S62->S62,2.063,2.39x39,V61->F61,1.826,6.33x33,L214->L214,1.698
P30874__P32745,39,P30874,SSR2,P32745,SSR3,0.692,upstream_candidate_gate,0,0,0,7.39x38,V298->V299,2.025,3.36x36,Q126->Q127,2.016,2.63x63,Q102->Q103,1.962
P35372__P41145,40,P35372,OPRM,P41145,OPRK,0.698,final_review_no_selection,2,27,0,3.50x50,R167->R156,2.602,3.54x54,V171->V160,1.648,3.47x47,S164->S153,1.593
O43613__O43614,41,O43613,OX1R,O43614,OX2R,0.698,direction_holds_only,0,0,0,2.50x50,D92->D100,2.023,2.46x46,L88->L96,1.927,2.53x53,V95->V103,1.85
P28222__P28566,42,P28222,5HT1B,P28566,5HT1E,0.699,upstream_candidate_gate,0,0,0,3.38x38,A135->C108,1.817,3.37x37,T134->T107,1.815,6.58x58,M337->V314,1.62
P21452__P25103,43,P21452,NK2R,P25103,NK1R,0.699,upstream_candidate_gate,1,1,0,3.40x40,I121->I120,1.573,3.48x48,A129->F128,1.502,3.38x38,V119->A118,1.409
P51677__P51681,44,P51677,CCR3,P51681,CCR5,0.699,selected,2,19,2,2.50x50,D80->D76,3.008,6.44x44,F248->Y244,2.606,3.38x38,S119->S114,2.467
Q969N4__Q96RI9,45,Q969N4,TAAR8,Q96RI9,TAAR9,0.701,upstream_candidate_gate,0,0,0,2.53x53,V80->V81,2.578,3.43x43,L122->L123,2.555,3.46x46,I125->I126,2.1
P21453__Q99500,46,P21453,S1PR1,Q99500,S1PR3,0.701,final_review_no_selection,2,8,0,5.40x40,I203->I197,1.556,4.38x38,N156->K150,1.34,6.32x32,A253->A240,1.288
P25100__P35368,47,P25100,ADA1D,P35368,ADA1B,0.703,final_review_no_selection,1,1,0,5.46x461,S262->S211,1.676,1.29x29,S93->I42,1.624,1.32x32,G96->A45,1.41
P41143__P41145,48,P41143,OPRD,P41145,OPRK,0.705,selected,1,2,1,7.46x46,S311->S323,2.22,2.50x50,D95->D105,2.111,2.53x53,A98->V108,1.794
P32246__P51685,49,P32246,CCR1,P51685,CCR8,0.705,selected,1,2,2,7.46x46,C294->C293,2.04,1.31x31,G33->G34,1.882,1.28x28,R30->Q31,1.513
P07550__P13945,50,P07550,ADRB2,P13945,ADRB3,0.706,selected,2,27,3,7.39x38,N312->N332,1.717,1.56x56,A57->A61,1.59,3.30x30,S111->S115,1.464
P32246__P41597,51,P32246,CCR1,P41597,CCR2,0.709,direction_holds_only,0,0,0,6.44x44,F248->Y252,2.848,3.38x38,S119->G126,2.295,2.50x50,D80->D88,2.079
P28336__P30550,52,P28336,NMBR,P30550,GRPR,0.71,selected,3,7,3,2.46x46,L85->L82,1.965,1.53x53,L64->L61,1.592,5.39x40,S213->S211,1.563
P46089__P46095,53,P46089,GPR3,P46095,GPR6,0.71,final_review_no_selection,1,1,0,7.43x42,T287->T319,1.916,7.36x35,Y280->Y312,1.651,1.42x42,S50->S82,1.346
P08588__P21728,54,P08588,ADRB1,P21728,DRD1,0.71,final_review_no_selection,1,17,0,2.64x63,I118->A84,1.962,2.40x40,N94->N60,1.439,4.39x39,R172->P137,1.413
P07550__P21918,55,P07550,ADRB2,P21918,DRD5,0.717,upstream_candidate_gate,0,0,0,2.53x53,M82->V90,2.032,3.25x25,C106->C113,1.864,7.46x46,S319->S352,1.726
P08173__P08912,56,P08173,ACM4,P08912,ACM5,0.717,selected,3,6,1,2.50x50,D78->D76,2.077,7.46x46,S446->S488,1.814,5.47x47,F204->F202,1.539
P14416__P35462,57,P14416,DRD2,P35462,DRD3,0.718,final_review_no_selection,2,19,0,2.68x67,G98->G93,2.038,7.36x35,S409->S366,2.002,7.32x31,P405->P362,1.792
P48145__P48146,58,P48145,NPBW1,P48146,NPBW2,0.719,final_review_no_selection,1,1,0,6.33x33,V249->V258,1.576,3.54x54,V138->V146,1.509,2.43x43,I76->I84,1.45
Q8TDS4__Q9BXC0,59,Q8TDS4,HCAR2,Q9BXC0,HCAR1,0.721,final_review_no_selection,1,2,0,7.36x35,F277->H261,2.119,3.32x32,L107->L95,1.983,6.48x48,F244->Y233,1.645
O95136__P21453,60,O95136,S1PR2,P21453,S1PR1,0.724,,1,8,0,1.59x59,R60->K72,1.454,7.43x42,T278->V301,1.421,1.58x58,A59->W71,1.374
P08172__P20309,61,P08172,ACM2,P20309,ACM3,0.725,direction_holds_only,0,0,0,2.50x50,D69->D114,2.974,7.46x46,S433->S537,2.759,2.53x53,I72->I117,2.363
O43603__O60755,62,O43603,GALR2,O60755,GALR3,0.727,final_review_no_selection,2,2,0,3.33x33,F106->Y103,2.211,5.46x461,S195->G192,1.849,3.38x38,A111->A108,1.686
Q96LA9__Q96LB2,63,Q96LA9,MRGX4,Q96LB2,MRGX1,0.727,selected,3,13,1,3.26x26,K96->K96,1.832,3.30x30,S100->P100,1.83,6.56x56,A237->F237,1.785
O14804__Q96RI8,64,O14804,TAAR5,Q96RI8,TAAR6,0.73,final_review_no_selection,1,1,0,3.43x43,L125->L123,2.734,3.46x46,I128->I126,2.041,3.47x47,S129->S127,1.89
O95136__Q9H228,65,O95136,S1PR2,Q9H228,S1PR5,0.73,selected,3,40,2,3.33x33,F113->F116,1.749,3.53x53,A133->T136,1.535,2.39x39,M68->M71,1.494
P32745__P35346,66,P32745,SSR3,P35346,SSR5,0.732,selected,1,2,2,2.46x46,L86->L82,1.888,3.39x39,S130->S126,1.8,1.31x31,S43->R39,1.736
P08172__P08912,67,P08172,ACM2,P08912,ACM5,0.732,final_review_no_selection,1,4,0,2.50x50,D69->D76,2.181,7.46x46,S433->S488,2.136,7.43x42,Y430->Y485,1.849
Q16538__Q6NV75,68,Q16538,GP162,Q6NV75,GP153,0.739,final_review_no_selection,1,1,0,3.32x32,Y97->F90,2.001,5.42x42,F183->F176,1.54,6.43x43,Y280->Y253,1.519
P46094__P51677,69,P46094,XCR1,P51677,CCR3,0.739,upstream_candidate_gate,2,2,0,6.59x59,T249->S263,2.098,2.60x60,W87->W90,2.082,3.32x32,F109->Y113,1.671
P08908__P21917,70,P08908,5HT1A,P21917,DRD4,0.74,final_review_no_selection,2,3,0,3.38x38,S122->A121,2.842,6.59x59,P369->A370,1.903,3.49x49,D133->D132,1.531
P08172__P11229,71,P08172,ACM2,P11229,ACM1,0.746,selected,2,31,3,2.68x67,G87->G89,1.926,6.27x27,P379->L357,1.757,6.28x28,S380->V358,1.71
P08588__P21918,72,P08588,ADRB1,P21918,DRD5,0.746,upstream_candidate_gate,0,0,0,2.53x53,M107->V90,2.157,2.64x63,I118->A101,1.834,7.46x46,S370->S352,1.479
P41143__P41146,73,P41143,OPRD,P41146,OPRX,0.749,upstream_candidate_gate,0,0,0,6.55x55,V281->V283,1.763,6.58x58,W284->Q286,1.725,3.36x36,M132->M134,1.57
P30872__P32745,74,P30872,SSR1,P32745,SSR3,0.751,selected,4,19,1,3.36x36,M141->Q127,2.362,1.31x31,S57->S43,1.833,3.35x35,N140->N126,1.757
P08588__P08913,75,P08588,ADRB1,P08913,ADA2A,0.752,direction_holds_only,0,0,0,2.53x53,M107->V97,1.502,4.60x60,P193->P183,1.49,2.50x50,D104->D94,1.455
P25021__Q13639,76,P25021,HRH2,Q13639,5HT4R,0.752,final_review_no_selection,1,2,0,2.64x63,Y78->E80,1.592,2.43x43,I57->I59,1.51,2.39x39,T53->T55,1.47
P33032__P41968,77,P33032,MC5R,P41968,MC3R,0.753,selected,2,19,3,7.39x38,L281->L285,2.521,7.42x41,I284->I288,2.359,3.29x29,D119->D121,2.172
P48039__P49286,78,P48039,MTR1A,P49286,MTR1B,0.754,final_review_no_selection,3,8,0,7.39x38,Y281->Y294,1.872,3.38x38,G113->G126,1.765,3.53x53,Y128->Y141,1.523
O14804__Q969N4,79,O14804,TAAR5,Q969N4,TAAR8,0.756,upstream_candidate_gate,0,0,0,2.53x53,L83->V80,1.38,5.65x65,A226->A223,1.367,3.34x34,L116->A113,1.355
P30874__P31391,80,P30874,SSR2,P31391,SSR4,0.757,selected,1,1,1,3.36x36,Q126->M130,2.357,2.46x46,L85->L89,1.879,2.62x62,M101->S105,1.736
P21728__P50406,81,P21728,DRD1,P50406,5HT6R,0.757,selected,2,2,2,6.55x55,N292->N288,1.698,2.64x63,A84->N86,1.677,3.33x33,I104->V107,1.56
P21917__P35462,82,P21917,DRD4,P35462,DRD3,0.758,direction_holds_only,0,0,0,3.38x38,A121->A116,2.14,6.58x58,Q369->N352,1.828,6.55x55,H366->H349,1.828
P0DMS8__P30542,83,P0DMS8,AA3R,P30542,AA1R,0.76,,0,0,0,3.28x28,M86->V83,1.648,3.26x26,L84->L81,1.541,5.39x41,V178->V181,1.411
P49019__Q9BXC0,84,P49019,HCAR3,Q9BXC0,HCAR1,0.76,final_review_no_selection,2,3,0,6.48x48,F244->Y233,2.397,7.36x35,F277->H261,2.334,7.40x39,S281->S265,1.555
P49238__P51685,85,P49238,CX3C1,P51685,CCR8,0.761,final_review_no_selection,1,1,0,3.33x33,F110->Y114,2.584,3.37x37,F114->Y118,1.92,4.60x61,Q164->L168,1.912
P49682__Q9NPB9,86,P49682,CXCR3,Q9NPB9,ACKR4,0.762,upstream_candidate_gate,0,0,0,2.50x50,D99->D87,2.667,6.59x59,I279->A264,1.876,2.46x46,L95->L83,1.658
P49238__P49682,87,P49238,CX3C1,P49682,CXCR3,0.763,final_review_no_selection,1,1,0,3.29x29,T106->G128,2.097,3.32x32,F109->F131,2.067,5.31x32,Q184->P208,2.03
O95136__Q99500,88,O95136,S1PR2,Q99500,S1PR3,0.765,final_review_no_selection,1,1,0,1.60x60,N61->N67,1.492,3.53x53,A133->T139,1.412,1.59x59,R60->K66,1.374
P46094__P51685,89,P46094,XCR1,P51685,CCR8,0.766,upstream_candidate_gate,0,0,0,3.33x33,S110->Y114,2.326,3.43x43,L120->I124,1.848,3.37x37,Y114->Y118,1.82
O00421__P51677,90,O00421,CCRL2,P51677,CCR3,0.767,selected,1,1,1,3.33x33,F111->H114,2.633,2.63x63,A97->Y93,2.082,3.29x29,I107->S110,2.054
P21452__P29371,91,P21452,NK2R,P29371,NK3R,0.767,selected,2,8,3,3.40x40,I121->I173,2.271,2.61x61,N90->N142,1.548,3.52x52,M133->M185,1.44
P28222__P30939,92,P28222,5HT1B,P30939,5HT1F,0.767,upstream_candidate_gate,0,0,0,7.33x32,A349->E327,1.982,2.50x50,D95->D69,1.977,6.55x55,S334->E313,1.968
P0DMS8__P29275,93,P0DMS8,AA3R,P29275,AA2BR,0.768,selected,1,1,1,5.42x43,S181->N186,1.764,7.56x56,K285->R293,1.761,6.37x37,L232->L236,1.612
P08173__P20309,94,P08173,ACM4,P20309,ACM3,0.768,final_review_no_selection,1,1,0,2.50x50,D78->D114,2.864,7.46x46,S446->S537,2.464,2.53x53,I81->I117,1.722
P31391__P35346,95,P31391,SSR4,P35346,SSR5,0.768,final_review_no_selection,1,6,0,3.39x39,S133->S126,2.134,3.29x29,L123->M116,1.952,3.36x36,M130->Q123,1.669
P13945__P21728,96,P13945,ADRB3,P21728,DRD1,0.768,final_review_no_selection,1,2,0,3.25x25,C110->C96,1.507,1.56x56,A61->A47,1.481,6.51x51,F308->F288,1.471
Q9BZJ6__Q9Y5Y3,97,Q9BZJ6,GPR63,Q9Y5Y3,GPR45,0.769,final_review_no_selection,1,1,0,3.33x33,W162->W115,2.738,6.58x58,A337->S290,2.328,3.25x25,C154->C107,1.982
P11229__P21728,98,P11229,ACM1,P21728,DRD1,0.769,upstream_candidate_gate,0,0,0,2.68x67,G89->G88,1.866,3.32x32,D105->D103,1.686,3.29x29,L102->V100,1.667
P35346__P51677,99,P35346,SSR5,P51677,CCR3,0.769,direction_holds_only,0,0,0,6.59x59,L272->S263,2.36,7.39x38,V290->E287,1.723,6.61x61,V274->Q265,1.678
Q9GZQ6__Q9Y5X5,100,Q9GZQ6,NPFF1,Q9Y5X5,NPFF2,0.771,final_review_no_selection,1,1,0,2.68x67,T107->A211,1.827,7.44x43,F320->G426,1.71,7.42x41,A318->A424,1.66
P51677__P51685,101,P51677,CCR3,P51685,CCR8,0.771,final_review_no_selection,1,1,0,3.33x33,H114->Y114,2.37,1.31x31,M33->G34,2.019,3.29x29,S110->S110,1.962
P46094__P51679,102,P46094,XCR1,P51679,CCR4,0.771,selected,1,4,3,2.46x46,L73->L81,2.248,6.59x59,T249->T266,2.048,2.43x43,I70->L78,1.749
P25024__P51684,103,P25024,CXCR1,P51684,CCR6,0.771,selected,2,3,2,4.64x65,R175->N186,2.2,1.60x60,S67->Y74,1.777,1.56x56,V63->T70,1.72
P28221__P30939,104,P28221,5HT1D,P30939,5HT1F,0.772,final_review_no_selection,1,3,0,3.43x43,L129->L114,1.931,7.32x31,P335->E326,1.769,1.35x35,L41->V26,1.651
P28221__P28566,105,P28221,5HT1D,P28566,5HT1E,0.773,selected,1,1,1,7.49x49,N352->N340,1.626,6.58x58,L324->V314,1.533,1.28x28,L34->T18,1.496
Q9BPV8__Q9H244,106,Q9BPV8,P2Y13,Q9H244,P2Y12,0.773,upstream_candidate_gate,0,0,0,7.42x41,A306->T287,2.808,7.43x42,A307->S288,2.611,7.28x27,Q292->E273,2.282
P08908__P11229,107,P08908,5HT1A,P11229,ACM1,0.774,upstream_candidate_gate,0,0,0,6.59x59,P369->T389,2.249,3.38x38,S122->A111,1.848,3.29x29,I113->L102,1.776
P21462__P25090,108,P21462,FPR1,P25090,FPR2,0.776,selected,1,1,1,7.43x42,F291->F292,3.05,3.25x25,C98->C98,2.721,2.60x60,F81->L81,2.038
P08908__P35462,109,P08908,5HT1A,P35462,DRD3,0.777,upstream_candidate_gate,1,2,0,6.59x59,P369->T353,1.986,6.58x58,L368->N352,1.942,7.42x41,G389->G372,1.721
P11229__P20309,110,P11229,ACM1,P20309,ACM3,0.778,selected,3,18,3,7.46x46,S411->S537,2.126,2.53x53,I74->I117,1.932,2.50x50,D71->D114,1.926
O43603__P30872,111,O43603,GALR2,P30872,SSR1,0.778,final_review_no_selection,1,2,0,3.32x32,I105->D137,2.246,3.36x36,M109->M141,2.155,3.33x33,F106->A138,2.132
O00421__P32246,112,O00421,CCRL2,P32246,CCR1,0.781,upstream_candidate_gate,0,0,0,7.46x46,C293->C294,2.267,2.63x63,A97->Y93,1.983,1.31x31,S37->G33,1.78
P21728__P35348,113,P21728,DRD1,P35348,ADA1A,0.781,selected,2,7,3,3.53x53,A124->G127,1.982,2.43x43,V63->I65,1.945,4.60x60,P158->P161,1.917
P30559__P37288,114,P30559,OXYR,P37288,V1AR,0.782,direction_holds_only,0,0,0,6.51x51,F291->F307,2.277,3.37x37,F124->F136,2.254,7.36x35,I312->T331,2.082
O95136__Q92633,115,O95136,S1PR2,Q92633,LPAR1,0.782,final_review_no_selection,2,49,0,6.55x55,L253->L278,1.986,2.57x57,F86->Y102,1.819,6.58x58,D256->D281,1.672
P28336__P32247,116,P28336,NMBR,P32247,BRS3,0.782,selected,2,3,2,2.61x60,D100->D104,1.769,7.39x38,R310->R316,1.702,1.31x31,I42->A46,1.514
P32245__P33032,117,P32245,MC4R,P33032,MC5R,0.783,final_review_no_selection,2,5,0,3.43x43,L140->L133,1.833,6.54x54,H264->H257,1.713,4.60x60,F184->F177,1.647
O43603__P32745,118,O43603,GALR2,P32745,SSR3,0.783,final_review_no_selection,1,1,0,4.60x61,Y160->V178,1.918,3.37x37,H110->F128,1.816,6.37x37,I238->V259,1.787
Q99500__Q9H228,119,Q99500,S1PR3,Q9H228,S1PR5,0.783,upstream_candidate_gate,0,0,0,5.40x40,I197->V194,1.85,7.43x42,V288->M296,1.508,7.46x46,S291->S299,1.493
P21728__Q9Y5N1,120,P21728,DRD1,Q9Y5N1,HRH3,0.783,selected,3,31,3,3.32x32,D103->D114,1.719,3.46x46,I117->I128,1.657,2.46x46,L66->L76,1.58
P46095__P47775,121,P46095,GPR6,P47775,GPR12,0.783,selected,1,29,3,7.43x42,T319->T291,2.424,7.39x38,L315->L287,2.168,1.36x36,D76->D48,2.163
Q8NDV2__Q96P69,122,Q8NDV2,GPR26,Q96P69,GPR78,0.784,upstream_candidate_gate,0,0,0,5.58x58,Y192->S192,1.921,5.61x61,V195->V195,1.71,2.64x63,G66->G66,1.549
P35372__P41146,123,P35372,OPRM,P41146,OPRX,0.784,final_review_no_selection,2,19,0,2.50x50,D116->D97,2.397,3.50x50,R167->R148,1.765,7.46x46,S331->S312,1.67
P28221__P47898,124,P28221,5HT1D,P47898,5HT5A,0.785,final_review_no_selection,2,2,0,7.35x34,F338->K320,2.452,3.39x39,S125->S128,2.068,7.32x31,P335->A317,1.802
P35346__P35372,125,P35346,SSR5,P35372,OPRM,0.786,selected,1,2,2,3.39x39,S126->S156,2.187,2.50x50,D86->D116,2.161,3.25x25,C112->C142,1.935
P08912__P21728,126,P08912,ACM5,P21728,DRD1,0.786,selected,2,12,3,3.32x32,D110->D103,2.43,1.60x60,N58->F51,1.587,3.29x29,L107->V100,1.504
P21918__Q9Y5N1,127,P21918,DRD5,Q9Y5N1,HRH3,0.786,final_review_no_selection,1,9,0,5.46x461,S233->E206,1.591,2.40x40,N77->N70,1.564,3.50x50,R138->R132,1.527
P21462__P25089,128,P21462,FPR1,P25089,FPR3,0.787,selected,1,2,2,7.43x42,F291->F292,2.825,3.25x25,C98->C98,2.364,3.29x29,F102->H102,2.053
P08588__P50406,129,P08588,ADRB1,P50406,5HT6R,0.787,upstream_candidate_gate,0,0,0,2.61x60,G115->A83,1.7,6.55x55,N344->N288,1.59,6.58x58,K347->Q291,1.456
Q96RJ0__Q9P1P5,130,Q96RJ0,TAAR1,Q9P1P5,TAAR2,0.789,final_review_no_selection,1,1,0,6.52x52,F268->F279,2.486,2.40x40,N59->N79,2.246,6.48x48,W264->W275,2.035
P35346__P41143,131,P35346,SSR5,P41143,OPRD,0.789,upstream_candidate_gate,1,1,0,3.25x25,C112->C121,2.012,6.60x60,A273->L286,1.816,6.61x61,V274->V287,1.706
P34969__P35348,132,P34969,5HT7R,P35348,ADA1A,0.79,final_review_no_selection,1,4,0,2.43x43,I120->I65,3.241,3.53x53,G183->G127,2.644,2.40x40,N117->H62,2.437
P08173__P08588,133,P08173,ACM4,P08588,ADRB1,0.79,selected,3,9,2,7.42x41,C442->G366,1.761,3.29x29,L109->T135,1.673,7.43x42,Y443->Y367,1.64
P46093__Q15743,134,P46093,GPR4,Q15743,OGR1,0.79,direction_holds_only,0,0,0,2.60x60,W73->W77,2.482,2.43x43,L56->L60,2.402,1.31x31,D16->H20,2.213
P30874__P41145,135,P30874,SSR2,P41145,OPRK,0.792,final_review_no_selection,1,1,0,3.35x35,N125->N141,2.593,7.43x42,Y302->Y320,2.327,6.48x48,W269->W287,2.065
P21452__Q969F8,136,P21452,NK2R,Q969F8,KISSR,0.792,upstream_candidate_gate,0,0,0,2.49x49,A78->T87,1.687,3.37x37,F118->Q127,1.677,7.43x42,M297->Y313,1.605
P25021__P35346,137,P25021,HRH2,P35346,SSR5,0.793,direction_holds_only,0,0,0,2.50x50,D64->D86,2.736,3.25x25,C91->C112,2.315,7.46x46,S281->S297,1.893
P08588__P18089,138,P08588,ADRB1,P18089,ADA2B,0.793,direction_holds_only,0,0,0,2.53x53,M107->V61,2.211,6.55x55,N344->Y391,1.916,7.46x46,S370->S419,1.706
P35348__P35368,139,P35348,ADA1A,P35368,ADA1B,0.794,selected,1,14,1,3.53x53,G127->G146,2.267,2.39x39,T61->T80,1.817,7.36x35,K309->K331,1.575
O43603__P32238,140,O43603,GALR2,P32238,CCKAR,0.794,direction_holds_only,0,0,0,3.34x34,L107->T123,2.865,2.61x60,Q82->N98,2.401,6.58x58,V259->R336,2.051
Q9H3N8__Q9Y5N1,141,Q9H3N8,HRH4,Q9Y5N1,HRH3,0.794,upstream_candidate_gate,0,0,0,3.38x38,A100->S120,1.866,3.37x37,T99->T119,1.594,7.47x47,F352->A406,1.538
Q92633__Q9HBW0,142,Q92633,LPAR1,Q9HBW0,LPAR2,0.795,upstream_candidate_gate,0,0,0,5.47x47,N214->S194,1.73,2.46x46,L91->L71,1.568,3.37x37,T133->T113,1.566
P24530__P25101,143,P24530,EDNRB,P25101,EDNRA,0.795,selected,1,3,1,5.46x461,Y281->Y263,2.611,7.35x34,D368->D351,2.568,2.50x50,D147->D126,2.356
P35346__P41145,144,P35346,SSR5,P41145,OPRK,0.795,direction_holds_only,0,0,0,3.25x25,C112->C131,2.377,6.48x48,W261->W287,2.254,3.35x35,N122->N141,2.232
P25021__P28566,145,P25021,HRH2,P28566,5HT1E,0.795,selected,1,4,2,2.43x43,I57->I61,2.349,2.40x40,N54->N58,1.834,3.32x32,D98->D102,1.821
O43603__P30874,146,O43603,GALR2,P30874,SSR2,0.795,selected,2,9,3,3.37x37,H110->F127,2.422,3.36x36,M109->Q126,2.153,2.46x46,L67->L85,2.136
Q8WXD0__Q9HBX9,147,Q8WXD0,RXFP2,Q9HBX9,RXFP1,0.796,final_review_no_selection,1,31,0,7.34x33,T672->T662,2.102,3.54x54,I524->I514,1.844,7.54x54,T692->T682,1.798
P41146__P48145,148,P41146,OPRX,P48145,NPBW1,0.796,selected,2,4,2,6.61x61,G289->T277,1.836,6.60x60,L288->T276,1.792,6.59x59,G287->L275,1.711
O00421__P35346,149,O00421,CCRL2,P35346,SSR5,0.796,direction_holds_only,0,0,0,6.59x59,T262->L272,2.2,7.39x38,K286->V290,2.162,3.33x33,F111->G120,2.137
P25929__P50391,150,P25929,NPY1R,P50391,NPY4R,0.797,selected,1,7,2,7.49x49,N316->N318,2.398,7.53x53,Y320->Y322,2.353,6.48x48,W276->W278,2.128
P30411__P51685,151,P30411,BKRB2,P51685,CCR8,0.797,direction_holds_only,0,0,0,2.60x60,W113->Q91,2.291,3.33x33,S138->Y114,2.167,1.31x31,L56->G34,1.946
P46092__P49682,152,P46092,CCR10,P49682,CXCR3,0.798,selected,3,16,3,3.35x35,S123->N134,2.801,3.38x38,A126->A137,2.371,3.32x32,Y120->F131,2.179
P25103__P32247,153,P25103,NK1R,P32247,BRS3,0.798,selected,1,14,3,3.28x28,H108->L123,2.199,7.43x42,M295->F320,2.114,7.53x53,Y305->L330,2.069
P32246__P46094,154,P32246,CCR1,P46094,XCR1,0.798,final_review_no_selection,4,17,0,3.33x33,Y114->S110,2.382,2.60x60,W90->W87,1.739,1.31x31,G33->A30,1.687
P21453__Q92633,155,P21453,S1PR1,Q92633,LPAR1,0.798,upstream_candidate_gate,1,2,0,6.58x58,D279->D281,1.869,7.33x32,F291->A291,1.74,6.55x55,L276->L278,1.689
Q99677__Q99678,156,Q99677,LPAR4,Q99678,GPR20,0.798,upstream_candidate_gate,1,1,0,7.39x38,L297->V283,2.791,3.36x36,I122->M134,2.187,1.32x32,Y39->W53,1.949
P30939__P47898,157,P30939,5HT1F,P47898,5HT5A,0.799,final_review_no_selection,2,25,0,6.52x52,F310->F302,1.776,7.53x53,Y347->Y338,1.715,7.35x34,S329->K320,1.624
Q96RI9__Q96RJ0,158,Q96RI9,TAAR9,Q96RJ0,TAAR1,0.799,selected,2,9,3,2.40x40,N68->N59,3.322,4.61x61,F168->I159,2.059,7.45x45,N303->N296,1.789
P18825__P28566,159,P18825,ADA2C,P28566,5HT1E,0.799,final_review_no_selection,2,21,0,7.53x53,Y437->Y344,2.194,7.47x47,S431->L338,1.778,7.39x38,F423->T330,1.523
P32246__P49238,160,P32246,CCR1,P49238,CX3C1,0.799,final_review_no_selection,1,1,0,3.33x33,Y114->F110,2.668,3.47x47,T128->S124,1.586,3.38x38,S119->G115,1.506
P32302__P49682,161,P32302,CXCR5,P49682,CXCR3,0.799,upstream_candidate_gate,1,1,0,2.56x56,I103->T105,1.786,2.46x46,L93->L95,1.677,7.35x34,I304->K300,1.617
P28566__P34969,162,P28566,5HT1E,P34969,5HT7R,0.799,direction_holds_only,0,0,0,7.46x46,S337->S377,2.838,2.50x50,D68->D127,2.537,3.38x38,C108->A168,2.152
P35372__P41143,163,P35372,OPRM,P41143,OPRD,0.8,final_review_no_selection,2,6,0,2.50x50,D116->D95,2.464,7.46x46,S331->S311,2.124,3.50x50,R167->R146,1.858
