seed_record_id,seed_zinc_id,bidirectional_seed_id,task,pair_id,target_uniprot,offtarget_uniprot,branch,hotspot_bw,fast_target,fast_offtarget,fast_dd,detail_target_median,detail_offtarget_median,detail_dd_median,detail_dd_worst,detail_dd_sd,generated_compound_count
05_o14843_partial::ZINC001466102363,ZINC001466102363,A6BD-0006,05_o14843_partial,O14843__O15529,O14843,O15529,partial,3.25x25,-7.883,-4.506,-3.377,-7.896,-5.772,-2.124,-1.739000000000001,0.3304007667464869,1
07_galr2_full::ZINC000008296733,ZINC000008296733,A6BD-0008,07_galr2_full,O43603__O60755,O43603,O60755,full,3.33x33,-6.117,-3.796,-2.321,-6.069,-4.919,-1.15,-1.071,0.0745162174742296,1
07_galr2_partial::ZINC000008296733,ZINC000008296733,A6BD-0008,07_galr2_partial,O43603__O60755,O43603,O60755,partial,3.33x33,-6.117,-3.796,-2.321,-6.069,-4.919,-1.15,-1.071,0.0745162174742296,1
08_galr2_full::ZINC000003277145,ZINC000003277145,A6BD-0009,08_galr2_full,O43603__P30874,O43603,P30874,full,3.37x37,-7.812,-5.632,-2.18,-7.821,-6.646,-1.187,-1.175,0.0282410261066332,7
105_p29371_full::ZINC001165007821,ZINC001165007821,A6BD-0130,105_p29371_full,P21452__P29371,P29371,P21452,full,3.40x40,-7.86,-5.757,-2.103000000000001,-7.926,-6.492,-1.442,-1.387,0.1480833098855734,4
105_p29371_partial::ZINC001165007821,ZINC001165007821,A6BD-0130,105_p29371_partial,P21452__P29371,P29371,P21452,partial,3.40x40,-7.86,-5.757,-2.103000000000001,-7.926,-6.492,-1.442,-1.387,0.1480833098855734,4
106_p29371_full::ZINC000012805649,ZINC000012805649,A6BD-0131,106_p29371_full,P25103__P29371,P29371,P25103,full,6.58x58,-8.871,-4.736,-4.135000000000001,-9.389,-5.195,-4.318999999999999,-3.786000000000001,0.2536484881791241,18
106_p29371_partial::ZINC000012805649,ZINC000012805649,A6BD-0131,106_p29371_partial,P25103__P29371,P29371,P25103,partial,6.58x58,-8.871,-4.736,-4.135000000000001,-9.389,-5.195,-4.318999999999999,-3.786000000000001,0.2536484881791241,21
107_p30550_full::ZINC000769849083,ZINC000769849083,A6BD-0134,107_p30550_full,P28336__P30550,P30550,P28336,full,2.46x46,-8.136,-5.694,-2.441999999999999,-8.276,-5.871,-2.381,-2.249000000000001,0.1456304302754822,1
107_p30550_partial::ZINC000769849083,ZINC000769849083,A6BD-0134,107_p30550_partial,P28336__P30550,P30550,P28336,partial,2.46x46,-8.136,-5.694,-2.441999999999999,-8.276,-5.871,-2.381,-2.249000000000001,0.1456304302754822,5
108_p30872_full::ZINC000023844941,ZINC000023844941,A6BD-0137,108_p30872_full,O43603__P30872,P30872,O43603,full,3.32x32,-9.824,-4.6,-5.224,-9.651,-4.951,-4.191,-4.152,0.2496455264748177,2
109_ssr1_partial::ZINC000071767231,ZINC000071767231,A6BD-0138,109_ssr1_partial,P30872__P30874,P30872,P30874,partial,3.36x36,-8.044,-1.019,-7.025,-8.018,-4.455,-3.636000000000001,-3.154,0.2380004668529504,3
10_o95136_full::ZINC000004962925,ZINC000004962925,A6BD-0012,10_o95136_full,O95136__P21453,O95136,P21453,full,1.59x59,-6.714,-5.41,-1.304,-6.704,-5.392,-1.313,-1.271,0.0197989898732232,8
110_p30872_full::ZINC000002803815,ZINC000002803815,A6BD-0139,110_p30872_full,P30872__P31391,P30872,P31391,full,3.36x36,-7.919,-2.944,-4.975,-8.108,-5.481,-2.609999999999999,-2.243,0.2614434291900767,13
111_ssr1_full::ZINC000021775530,ZINC000021775530,A6BD-0140,111_ssr1_full,P30872__P32745,P30872,P32745,full,3.36x36,-7.112,-0.49,-6.622,-7.36,-4.019,-3.2,-3.099,0.2469471378430795,3
111_ssr1_partial::ZINC000021775530,ZINC000021775530,A6BD-0140,111_ssr1_partial,P30872__P32745,P30872,P32745,partial,3.36x36,-7.112,-0.49,-6.622,-7.36,-4.019,-3.2,-3.099,0.2469471378430795,3
112_p30874_full::ZINC000008819026,ZINC000008819026,A6BD-0142,112_p30874_full,O43603__P30874,P30874,O43603,full,3.37x37,-7.889,-3.799,-4.09,-8.403,-5.221,-3.182,-2.826,0.3200961661056812,2
117_ssr2_full::ZINC000004758069,ZINC000004758069,A6BD-0147,117_ssr2_full,P30874__P41145,P30874,P41145,full,3.35x35,-6.912,-4.494,-2.418,-6.875,-5.336,-1.475,-1.409,0.1485986391443594,1
118_p30939_full::ZINC000008231416,ZINC000008231416,A6BD-0148,118_p30939_full,P28221__P30939,P30939,P28221,full,3.43x43,-7.92,-5.107,-2.813,-7.429,-5.654,-1.999000000000001,-1.754,0.1463033378521034,3
11_o95136_full::ZINC000743929159,ZINC000743929159,A6BD-0014,11_o95136_full,O95136__Q9H228,O95136,Q9H228,full,3.33x33,-5.867,-1.034,-4.833,-6.19,-4.422,-1.663,-1.653,0.0553052137385496,1
121_5ht1f_full::ZINC000731871688,ZINC000731871688,A6BD-0151,121_5ht1f_full,P30939__P47898,P30939,P47898,full,6.52x52,-10.486,-5.093,-5.393,-8.087,-5.42,-2.206,-1.863,0.4901811456549055,21
122_p31391_partial::ZINC000077313164,ZINC000077313164,A6BD-0153,122_p31391_partial,P30874__P31391,P31391,P30874,partial,3.36x36,-7.778,-0.697,-7.081,-7.85,-5.505,-2.351,-2.319,0.0381342657228667,1
123_ssr4_full::ZINC000008775429,ZINC000008775429,A6BD-0154,123_ssr4_full,P31391__P35346,P31391,P35346,full,3.39x39,-7.384,-0.159,-7.225,-7.324,-5.472,-1.851999999999999,-1.784,0.0325371582450998,6
124_cckar_full::ZINC000766816954,ZINC000766816954,A6BD-0156,124_cckar_full,P32238__P32239,P32238,P32239,full,3.34x34,-6.588,-4.103,-2.485,-6.591,-5.253,-1.345,-1.316,0.413355644559124,1
124_cckar_partial::ZINC000766816954,ZINC000766816954,A6BD-0156,124_cckar_partial,P32238__P32239,P32238,P32239,partial,3.34x34,-6.588,-4.103,-2.485,-6.591,-5.253,-1.345,-1.316,0.413355644559124,1
126_mc4r_partial::ZINC000032853754,ZINC000032853754,A6BD-0158,126_mc4r_partial,P32245__P33032,P32245,P33032,partial,3.43x43,-8.527,-6.112,-2.415,-8.364,-6.326,-2.038000000000001,-1.973,0.0551261180284706,1
128_ccr1_full::ZINC000555845879,ZINC000555845879,A6BD-0161,128_ccr1_full,P32246__P46094,P32246,P46094,full,3.33x33,-8.608,-4.706,-3.902,-8.437,-4.843,-3.355,-3.181,0.1693011780493236,1
128_ccr1_partial::ZINC000555845879,ZINC000555845879,A6BD-0161,128_ccr1_partial,P32246__P46094,P32246,P46094,partial,3.33x33,-8.608,-4.706,-3.902,-8.437,-4.843,-3.355,-3.181,0.1693011780493236,3
129_p32246_full::ZINC000011692426,ZINC000011692426,A6BD-0162,129_p32246_full,P32246__P49238,P32246,P49238,full,3.33x33,-8.687,-4.808,-3.879,-8.391,-5.093,-3.298,-3.265999999999999,0.022171052197755,1
130_p32246_full::ZINC000011692426,ZINC000011692426,A6BD-0163,130_p32246_full,P32246__P51677,P32246,P51677,full,3.33x33,-8.687,-4.591,-4.096,-8.353,-5.448,-2.904999999999999,-2.757999999999999,0.0804003869531875,6
132_p32247_partial::ZINC000009319302,ZINC000009319302,A6BD-0166,132_p32247_partial,P28336__P32247,P32247,P28336,partial,2.61x60,-10.896,-5.726,-5.170000000000001,-10.985,-6.005,-4.98,-4.401,0.3025194208641819,2
133_cxcr5_full::ZINC000770854464,ZINC000770854464,A6BD-0168,133_cxcr5_full,P32302__P49682,P32302,P49682,full,2.56x56,-6.801,-4.006,-2.795,-6.499,-5.012,-1.623,-1.487,0.1341251488556696,1
134_p32745_full::ZINC000016976293,ZINC000016976293,A6BD-0169,134_p32745_full,O43603__P32745,P32745,O43603,full,4.60x61,-8.035,-5.104,-2.931,-8.005,-5.583,-2.419,-2.414000000000001,0.0168588914885358,1
135_p32745_full::ZINC000026138023,ZINC000026138023,A6BD-0170,135_p32745_full,P30872__P32745,P32745,P30872,full,3.36x36,-7.038,-0.472,-6.566000000000001,-6.874,-3.784,-3.173,-3.003,0.2009284007357405,2
135_p32745_partial::ZINC000026138023,ZINC000026138023,A6BD-0170,135_p32745_partial,P30872__P32745,P32745,P30872,partial,3.36x36,-7.038,-0.472,-6.566000000000001,-6.874,-3.784,-3.173,-3.003,0.2009284007357405,11
136_ssr3_full::ZINC000010256415,ZINC000010256415,A6BD-0172,136_ssr3_full,P32745__P35346,P32745,P35346,full,2.46x46,-9.043,-5.99,-3.053,-9.224,-6.921,-2.466,-1.943000000000001,0.2528956745818762,2
137_p33032_full::ZINC001164679882,ZINC001164679882,A6BD-0173,137_p33032_full,P32245__P33032,P33032,P32245,full,3.43x43,-4.499,-0.435,-4.064,-6.131,-4.001,-2.13,-2.103000000000001,0.0390640499692488,4
138_p33032_full::ZINC000771265751,ZINC000771265751,A6BD-0174,138_p33032_full,P33032__P41968,P33032,P41968,full,7.39x38,-8.446,-6.04,-2.406,-7.855,-6.373,-1.474,-1.347,0.3515056503418148,2
138_p33032_partial::ZINC000771265751,ZINC000771265751,A6BD-0174,138_p33032_partial,P33032__P41968,P33032,P41968,partial,7.39x38,-8.446,-6.04,-2.406,-7.855,-6.373,-1.474,-1.347,0.3515056503418148,17
139_5ht7r_partial::ZINC000012508963,ZINC000012508963,A6BD-0176,139_5ht7r_partial,P34969__P35348,P34969,P35348,partial,2.43x43,-8.479,-5.518,-2.961,-8.451,-5.978,-2.476000000000001,-2.452999999999999,0.011343133018116,4
13_p04001_full::ZINC000006781581,ZINC000006781581,A6BD-0016,13_p04001_full,P04000__P04001,P04001,P04000,full,7.33x32,-8.288,-4.652,-3.636,-8.112,-5.885,-2.317000000000001,-2.227,0.0981201078044425,5
140_p35346_partial::ZINC000745880606,ZINC000745880606,A6BD-0180,140_p35346_partial,P30874__P35346,P35346,P30874,partial,2.46x46,-7.332,-4.698,-2.633999999999999,-7.321,-5.701,-1.604,-1.6,0.0377477004450451,1
143_p35346_partial::ZINC001164628999,ZINC001164628999,A6BD-0184,143_p35346_partial,P35346__P41143,P35346,P41143,partial,3.25x25,-6.548,-4.638,-1.91,-6.734,-5.351,-1.44,-1.375,0.0313723161756065,1
144_p35348_full::ZINC001504577013,ZINC001504577013,A6BD-0186,144_p35348_full,P21728__P35348,P35348,P21728,full,3.53x53,-7.862,-3.811,-4.051,-7.714,-5.153,-2.566000000000001,-2.467000000000001,0.0497393204617835,2
144_p35348_partial::ZINC001504577013,ZINC001504577013,A6BD-0186,144_p35348_partial,P21728__P35348,P35348,P21728,partial,3.53x53,-7.862,-3.811,-4.051,-7.714,-5.153,-2.566000000000001,-2.467000000000001,0.0497393204617835,5
146_p35348_full::ZINC000096144815,ZINC000096144815,A6BD-0188,146_p35348_full,P35348__P35368,P35348,P35368,full,3.53x53,-9.476,-5.511,-3.965,-9.546,-6.979,-2.523000000000001,-2.5,0.0277968823191854,14
148_p35372_full::ZINC000676291635,ZINC000676291635,A6BD-0190,148_p35372_full,P35346__P35372,P35372,P35346,full,3.39x39,-7.609,-0.53,-7.079,-7.943,-5.366,-2.912999999999999,-2.577,0.2102464162728001,2
149_mor_full::ZINC000019221396,ZINC000019221396,A6BD-0191,149_mor_full,P35372__P41143,P35372,P41143,full,2.50x50,-7.238,-4.315,-2.923,-6.896,-4.979,-1.872,-1.536,0.1699941175452846,2
149_mor_partial::ZINC000019221396,ZINC000019221396,A6BD-0191,149_mor_partial,P35372__P41143,P35372,P41143,partial,2.50x50,-7.238,-4.315,-2.923,-6.896,-4.979,-1.872,-1.536,0.1699941175452846,4
14_p07550_full::ZINC000032893021,ZINC000032893021,A6BD-0017,14_p07550_full,P07550__P08588,P07550,P08588,full,3.30x30,-7.439,-4.31,-3.129,-6.768,-5.243,-1.517,-1.291,0.2943754216793396,1
14_p07550_partial::ZINC000032893021,ZINC000032893021,A6BD-0017,14_p07550_partial,P07550__P08588,P07550,P08588,partial,3.30x30,-7.439,-4.31,-3.129,-6.768,-5.243,-1.517,-1.291,0.2943754216793396,1
151_mor_full::ZINC000674530781,ZINC000674530781,A6BD-0193,151_mor_full,P35372__P41146,P35372,P41146,full,2.50x50,-7.934,-4.646,-3.288,-7.957,-6.01,-1.947,-1.794,0.0759078388573935,8
151_mor_partial::ZINC000674530781,ZINC000674530781,A6BD-0193,151_mor_partial,P35372__P41146,P35372,P41146,partial,2.50x50,-7.934,-4.646,-3.288,-7.957,-6.01,-1.947,-1.794,0.0759078388573935,11
153_p41143_full::ZINC000021875214,ZINC000021875214,A6BD-0197,153_p41143_full,P41143__P41145,P41143,P41145,full,7.46x46,-7.161,-4.59,-2.571,-6.991,-5.688,-1.282,-1.260999999999999,0.093026877836462,2
155_p41145_full::ZINC000095461549,ZINC000095461549,A6BD-0200,155_p41145_full,P35372__P41145,P41145,P35372,full,3.50x50,-8.069,-4.932,-3.137,-7.984,-5.662,-2.315,-2.305,0.271559692639881,6
155_p41145_partial::ZINC000095461549,ZINC000095461549,A6BD-0200,155_p41145_partial,P35372__P41145,P41145,P35372,partial,3.50x50,-8.069,-4.932,-3.137,-7.984,-5.662,-2.315,-2.305,0.271559692639881,21
158_oprx_full::ZINC000741957071,ZINC000741957071,A6BD-0203,158_oprx_full,P41146__P48145,P41146,P48145,full,6.61x61,-8.353,-3.408,-4.945,-7.926,-4.386,-3.54,-2.944999999999999,0.314420454522638,1
158_oprx_partial::ZINC000741957071,ZINC000741957071,A6BD-0203,158_oprx_partial,P41146__P48145,P41146,P48145,partial,6.61x61,-8.353,-3.408,-4.945,-7.926,-4.386,-3.54,-2.944999999999999,0.314420454522638,3
15_adrb2_full::ZINC000009961080,ZINC000009961080,A6BD-0018,15_adrb2_full,P07550__P13945,P07550,P13945,full,7.39x38,-11.531,-6.062,-5.469,-11.909,-9.009,-2.9,-2.213999999999998,0.3645307485887399,14
161_ccr10_full::ZINC000585113179,ZINC000585113179,A6BD-0208,161_ccr10_full,P46092__P49682,P46092,P49682,full,3.35x35,-7.531,-3.822,-3.709,-7.732,-5.729,-1.963,-1.942,0.0784870831552698,5
161_ccr10_partial::ZINC000585113179,ZINC000585113179,A6BD-0208,161_ccr10_partial,P46092__P49682,P46092,P49682,partial,3.35x35,-7.531,-3.822,-3.709,-7.732,-5.729,-1.963,-1.942,0.0784870831552698,10
162_p46094_full::ZINC000509382812,ZINC000509382812,A6BD-0209,162_p46094_full,P32246__P46094,P46094,P32246,full,3.33x33,-10.123,-5.903,-4.22,-10.379,-6.135,-3.94,-3.819,0.178786651254132,7
162_p46094_partial::ZINC000509382812,ZINC000509382812,A6BD-0209,162_p46094_partial,P32246__P46094,P46094,P32246,partial,3.33x33,-10.123,-5.903,-4.22,-10.379,-6.135,-3.94,-3.819,0.178786651254132,6
163_xcr1_full::ZINC000767507573,ZINC000767507573,A6BD-0210,163_xcr1_full,P46094__P51677,P46094,P51677,full,6.59x59,-6.281,-3.598,-2.683,-6.488,-5.138,-1.47,-1.166,0.2167645932547311,1
163_xcr1_partial::ZINC000767507573,ZINC000767507573,A6BD-0210,163_xcr1_partial,P46094__P51677,P46094,P51677,partial,6.59x59,-6.281,-3.598,-2.683,-6.488,-5.138,-1.47,-1.166,0.2167645932547311,1
166_p46095_partial::ZINC001129121367,ZINC001129121367,A6BD-0213,166_p46095_partial,P46089__P46095,P46095,P46089,partial,7.43x42,-9.344,-5.512,-3.832,-9.125,-5.544,-3.604,-3.473,0.1143882278325299,1
168_p47775_full::ZINC000096520941,ZINC000096520941,A6BD-0215,168_p47775_full,P46095__P47775,P47775,P46095,full,7.43x42,-7.224,-4.245,-2.979,-7.215,-4.232,-2.978,-2.972,0.0152825245151302,29
16_adrb2_full::ZINC000306137492,ZINC000306137492,A6BD-0019,16_adrb2_full,P07550__P21728,P07550,P21728,full,3.30x30,-8.056,-4.633,-3.423,-8.138,-5.338,-2.81,-1.715999999999999,0.5595339330391167,31
170_p47898_partial::ZINC000730771216,ZINC000730771216,A6BD-0217,170_p47898_partial,P30939__P47898,P47898,P30939,partial,6.52x52,-7.598,-4.665,-2.933,-7.641,-5.033,-2.581,-1.309000000000001,0.60633397471104,4
171_mt1_partial::ZINC000016695074,ZINC000016695074,A6BD-0218,171_mt1_partial,P48039__P49286,P48039,P49286,partial,7.39x38,-9.143,-5.198,-3.945,-8.995,-6.11,-2.616000000000001,-2.293000000000001,0.2420179056736634,2
172_npbw1_partial::ZINC000429320588,ZINC000429320588,A6BD-0219,172_npbw1_partial,P48145__P48146,P48145,P48146,partial,6.33x33,-8.4,-4.88,-3.52,-8.062,-6.095,-1.967,-1.44,0.2906341724956348,1
174_p49019_full::ZINC000000666987,ZINC000000666987,A6BD-0221,174_p49019_full,P49019__Q9BXC0,P49019,Q9BXC0,full,6.48x48,-6.297,-4.562,-1.734999999999999,-6.375,-4.962,-1.414000000000001,-1.165,0.1272853312662365,1
174_p49019_partial::ZINC000000666987,ZINC000000666987,A6BD-0221,174_p49019_partial,P49019__Q9BXC0,P49019,Q9BXC0,partial,6.48x48,-6.297,-4.562,-1.734999999999999,-6.375,-4.962,-1.414000000000001,-1.165,0.1272853312662365,2
177_cx3c1_full::ZINC000745684968,ZINC000745684968,A6BD-0224,177_cx3c1_full,P49238__P51685,P49238,P51685,full,3.33x33,-7.269,-4.731,-2.538,-6.996,-5.516,-1.467,-1.03,0.4744079351032071,1
178_p49286_full::ZINC001164801225,ZINC001164801225,A6BD-0225,178_p49286_full,P48039__P49286,P49286,P48039,full,7.39x38,-8.66,-5.705,-2.955,-9.106,-6.173,-2.94,-2.697,0.118761198302401,1
178_p49286_partial::ZINC001164801225,ZINC001164801225,A6BD-0225,178_p49286_partial,P48039__P49286,P49286,P48039,partial,7.39x38,-8.66,-5.705,-2.955,-9.106,-6.173,-2.94,-2.697,0.118761198302401,5
179_p49682_full::ZINC000019289706,ZINC000019289706,A6BD-0226,179_p49682_full,P46092__P49682,P49682,P46092,full,3.35x35,-6.621,-4.997,-1.624000000000001,-6.582,-5.128,-1.454,-1.443,0.0654437841883313,1
180_p49682_full::ZINC000238953183,ZINC000238953183,A6BD-0227,180_p49682_full,P49238__P49682,P49682,P49238,full,3.29x29,-8.715,-4.762,-3.953,-8.259,-5.284,-2.975000000000001,-2.832,0.38371198689758,1
182_p50391_full::ZINC000253506777,ZINC000253506777,A6BD-0229,182_p50391_full,P25929__P50391,P50391,P25929,full,7.49x49,-8.459,-5.032,-3.427,-8.464,-5.079,-3.39,-3.354,0.0277768888746664,7
184_p50406_full::ZINC000743171812,ZINC000743171812,A6BD-0231,184_p50406_full,P21728__P50406,P50406,P21728,full,6.55x55,-9.555,-5.043,-4.512,-9.896,-5.775,-4.121,-3.686,0.2151097910886955,1
184_p50406_partial::ZINC000743171812,ZINC000743171812,A6BD-0231,184_p50406_partial,P21728__P50406,P50406,P21728,partial,6.55x55,-9.555,-5.043,-4.512,-9.896,-5.775,-4.121,-3.686,0.2151097910886955,1
185_p51677_partial::ZINC000466646546,ZINC000466646546,A6BD-0232,185_p51677_partial,O00421__P51677,P51677,O00421,partial,3.33x33,-8.086,-5.367,-2.719,-8.817,-5.867,-2.649,-2.594,0.2285582833521657,1
186_p51677_full::ZINC000003433763,ZINC000003433763,A6BD-0233,186_p51677_full,P32246__P51677,P51677,P32246,full,3.33x33,-8.069,-4.813,-3.256000000000001,-7.872,-4.5,-3.372,-3.047,0.1776194433801285,1
188_p51677_full::ZINC000767274592,ZINC000767274592,A6BD-0236,188_p51677_full,P51677__P51681,P51677,P51681,full,2.50x50,-7.199,-3.936,-3.263,-7.183,-5.196,-1.926,-1.829,0.1227635486978483,11
188_p51677_partial::ZINC000767274592,ZINC000767274592,A6BD-0236,188_p51677_partial,P51677__P51681,P51677,P51681,partial,2.50x50,-7.199,-3.936,-3.263,-7.183,-5.196,-1.926,-1.829,0.1227635486978483,8
189_ccr3_full::ZINC000732334074,ZINC000732334074,A6BD-0237,189_ccr3_full,P51677__P51685,P51677,P51685,full,3.33x33,-7.113,-4.104,-3.009,-7.414,-5.037,-2.482,-2.034,0.2419476527405603,1
18_p08172_full::ZINC000012148775,ZINC000012148775,A6BD-0022,18_p08172_full,P08172__P11229,P08172,P11229,full,2.68x67,-8.951,-4.917,-4.034,-9.233,-6.573,-2.66,-2.311,0.3274823150441358,30
190_p51679_full::ZINC000041124631,ZINC000041124631,A6BD-0238,190_p51679_full,P46094__P51679,P51679,P46094,full,2.46x46,-8.187,-5.353,-2.834,-8.04,-5.645,-2.395,-2.206,0.098975866867748,4
192_p51684_partial::ZINC000012855289,ZINC000012855289,A6BD-0241,192_p51684_partial,P25024__P51684,P51684,P25024,partial,4.64x65,-6.063,-3.659,-2.404,-6.724,-4.755,-1.969,-1.837,0.0685857127979292,1
193_p51685_full::ZINC000013881498,ZINC000013881498,A6BD-0243,193_p51685_full,P32246__P51685,P51685,P32246,full,7.46x46,-8.352,-5.186,-3.166,-8.345,-5.275,-3.107999999999999,-2.712,0.1995082844283804,2
197_gpr85_full::ZINC000019699437,ZINC000019699437,A6BD-0247,197_gpr85_full,P60893__Q9NS66,P60893,Q9NS66,full,6.58x58,-7.654,-4.776,-2.878,-7.724,-5.352,-2.42,-2.126,0.1451099200223364,5
199_q6nv75_partial::ZINC000509136960,ZINC000509136960,A6BD-0251,199_q6nv75_partial,Q16538__Q6NV75,Q6NV75,Q16538,partial,3.32x32,-7.493,-5.22,-2.273000000000001,-7.196,-5.923,-1.265,-1.25,0.0169377946878831,1
19_p08173_full::ZINC000020896786,ZINC000020896786,A6BD-0024,19_p08173_full,P08172__P08173,P08173,P08172,full,7.35x34,-9.646,-4.6,-5.046000000000001,-10.148,-5.696,-4.452999999999999,-4.387,0.3484683948684907,6
201_q8nfj6_partial::ZINC000004587950,ZINC000004587950,A6BD-0253,201_q8nfj6_partial,Q8NFJ6__Q8TCW9,Q8NFJ6,Q8TCW9,partial,7.49x49,-6.94,-5.282,-1.658,-7.005,-5.829,-1.176,-1.031000000000001,0.2377678606446955,1
202_q8tcw9_full::ZINC000217545274,ZINC000217545274,A6BD-0254,202_q8tcw9_full,Q8NFJ6__Q8TCW9,Q8TCW9,Q8NFJ6,full,7.49x49,-8.307,-5.266,-3.041,-8.276,-5.339,-2.940999999999999,-2.904,0.0202155056000748,1
202_q8tcw9_partial::ZINC000217545274,ZINC000217545274,A6BD-0254,202_q8tcw9_partial,Q8NFJ6__Q8TCW9,Q8TCW9,Q8NFJ6,partial,7.49x49,-8.307,-5.266,-3.041,-8.276,-5.339,-2.940999999999999,-2.904,0.0202155056000748,3
204_rxfp2_full::ZINC000732897319,ZINC000732897319,A6BD-0257,204_rxfp2_full,Q8WXD0__Q9HBX9,Q8WXD0,Q9HBX9,full,7.34x33,-9.425,-5.235,-4.19,-9.225,-6.109,-3.15,-2.763999999999999,0.1871084058922947,31
205_q92633_full::ZINC001469216235,ZINC001469216235,A6BD-0258,205_q92633_full,O95136__Q92633,Q92633,O95136,full,6.55x55,-9.315,-4.508,-4.806999999999999,-9.166,-5.199,-3.987999999999999,-3.967000000000001,0.018803073034894,40
205_q92633_partial::ZINC001469216235,ZINC001469216235,A6BD-0258,205_q92633_partial,O95136__Q92633,Q92633,O95136,partial,6.55x55,-9.315,-4.508,-4.806999999999999,-9.166,-5.199,-3.987999999999999,-3.967000000000001,0.018803073034894,9
206_q92633_full::ZINC001164857824,ZINC001164857824,A6BD-0259,206_q92633_full,P21453__Q92633,Q92633,P21453,full,6.58x58,-7.369,-4.64,-2.729,-7.355,-4.943,-2.412000000000001,-2.013,0.2234581740629678,2
20_p08173_full::ZINC000011859032,ZINC000011859032,A6BD-0025,20_p08173_full,P08173__P08588,P08173,P08588,full,7.42x41,-8.906,-5.082,-3.824,-8.93,-5.146,-3.784,-3.724000000000001,0.0514587213210734,6
20_p08173_partial::ZINC000011859032,ZINC000011859032,A6BD-0025,20_p08173_partial,P08173__P08588,P08173,P08588,partial,7.42x41,-8.906,-5.082,-3.824,-8.93,-5.146,-3.784,-3.724000000000001,0.0514587213210734,1
212_mrgx4_full::ZINC001493682829,ZINC001493682829,A6BD-0266,212_mrgx4_full,Q96LA9__Q96LB2,Q96LA9,Q96LB2,full,3.26x26,-8.167,-4.9,-3.267,-8.754,-6.632,-2.051000000000001,-1.678000000000001,0.2907832335071756,2
212_mrgx4_partial::ZINC001493682829,ZINC001493682829,A6BD-0266,212_mrgx4_partial,Q96LA9__Q96LB2,Q96LA9,Q96LB2,partial,3.26x26,-8.167,-4.9,-3.267,-8.754,-6.632,-2.051000000000001,-1.678000000000001,0.2907832335071756,9
214_q96lb2_full::ZINC000429161070,ZINC000429161070,A6BD-0268,214_q96lb2_full,Q96LA9__Q96LB2,Q96LB2,Q96LA9,full,3.26x26,-6.872,-3.813,-3.059,-6.954,-5.335,-1.614,-1.572,0.0237954243967663,2
216_q96ri8_full::ZINC001129003507,ZINC001129003507,A6BD-0271,216_q96ri8_full,O14804__Q96RI8,Q96RI8,O14804,full,3.43x43,-9.518,-5.873,-3.645000000000001,-9.542,-5.916,-3.588,-3.545000000000001,0.0409579730401238,1
21_p08173_full::ZINC000040379938,ZINC000040379938,A6BD-0026,21_p08173_full,P08173__P08912,P08173,P08912,full,2.50x50,-6.757,-4.443,-2.314,-6.725,-5.157,-1.51,-1.502,0.0670190685965983,1
21_p08173_partial::ZINC000040379938,ZINC000040379938,A6BD-0026,21_p08173_partial,P08173__P08912,P08173,P08912,partial,2.50x50,-6.757,-4.443,-2.314,-6.725,-5.157,-1.51,-1.502,0.0670190685965983,1
220_q96ri9_full::ZINC000306140500,ZINC000306140500,A6BD-0276,220_q96ri9_full,Q96RI9__Q96RJ0,Q96RI9,Q96RJ0,full,2.40x40,-9.275,-4.826,-4.449,-9.246,-5.86,-3.423999999999999,-3.386,0.1807435260866136,2
220_q96ri9_partial::ZINC000306140500,ZINC000306140500,A6BD-0276,220_q96ri9_partial,Q96RI9__Q96RJ0,Q96RI9,Q96RJ0,partial,2.40x40,-9.275,-4.826,-4.449,-9.246,-5.86,-3.423999999999999,-3.386,0.1807435260866136,7
222_q99500_full::ZINC001164778915,ZINC001164778915,A6BD-0278,222_q99500_full,O95136__Q99500,Q99500,O95136,full,1.60x60,-8.502,-5.125,-3.377000000000001,-8.536,-5.264,-3.241,-3.222,0.0737126553283458,1
225_q99677_partial::ZINC000169764024,ZINC000169764024,A6BD-0281,225_q99677_partial,Q99677__Q99678,Q99677,Q99678,partial,7.39x38,-11.2,-5.46,-5.74,-10.006,-5.401,-4.605,-4.540999999999999,0.0851873751731377,1
229_q9bxc0_full::ZINC000020738133,ZINC000020738133,A6BD-0286,229_q9bxc0_full,Q8TDS4__Q9BXC0,Q9BXC0,Q8TDS4,full,7.36x35,-8.29,-5.731,-2.558999999999999,-8.246,-6.15,-2.096,-1.652,0.2239508874731244,2
22_p08173_partial::ZINC000005441379,ZINC000005441379,A6BD-0027,22_p08173_partial,P08173__P11229,P08173,P11229,partial,7.35x34,-9.793,-6.404,-3.388999999999999,-9.513,-8.05,-1.414999999999999,-1.396999999999998,0.3479741369699772,1
232_q9h228_full::ZINC000769652945,ZINC000769652945,A6BD-0289,232_q9h228_full,O95136__Q9H228,Q9H228,O95136,full,3.33x33,-8.134,-5.036,-3.098000000000001,-8.229,-5.259,-2.978999999999999,-2.951000000000001,0.1428223449682232,13
232_q9h228_partial::ZINC000769652945,ZINC000769652945,A6BD-0289,232_q9h228_partial,O95136__Q9H228,Q9H228,O95136,partial,3.33x33,-8.134,-5.036,-3.098000000000001,-8.229,-5.259,-2.978999999999999,-2.951000000000001,0.1428223449682232,26
237_q9p1p5_full::ZINC000007423727,ZINC000007423727,A6BD-0297,237_q9p1p5_full,Q96RJ0__Q9P1P5,Q9P1P5,Q96RJ0,full,6.52x52,-5.71,-4.851,-0.859,-6.271,-4.706,-1.565,-1.419,0.0838146102352617,1
238_q9uby5_full::ZINC000734119092,ZINC000734119092,A6BD-0298,238_q9uby5_full,Q92633__Q9UBY5,Q9UBY5,Q92633,full,2.57x57,-10.03,-4.795,-5.234999999999999,-10.038,-4.931,-5.118,-4.786,0.2084674235142423,1
23_acm4_full::ZINC000768298079,ZINC000768298079,A6BD-0028,23_acm4_full,P08173__P20309,P08173,P20309,full,2.50x50,-7.917,-5.045,-2.872,-7.875,-6.004,-1.809,-1.627,0.1314390437511708,1
240_q9y5n1_full::ZINC000012749728,ZINC000012749728,A6BD-0300,240_q9y5n1_full,P21728__Q9Y5N1,Q9Y5N1,P21728,full,3.32x32,-8.191,-4.804,-3.387,-8.126,-5.197,-2.887,-2.758999999999999,0.0845497880935645,1
240_q9y5n1_partial::ZINC000012749728,ZINC000012749728,A6BD-0300,240_q9y5n1_partial,P21728__Q9Y5N1,Q9Y5N1,P21728,partial,3.32x32,-8.191,-4.804,-3.387,-8.126,-5.197,-2.887,-2.758999999999999,0.0845497880935645,7
241_q9y5n1_full::ZINC000770204457,ZINC000770204457,A6BD-0301,241_q9y5n1_full,P21918__Q9Y5N1,Q9Y5N1,P21918,full,5.46x461,-8.376,-5.103,-3.273,-8.428,-6.264,-2.466,-2.035000000000001,0.226483749723658,9
243_q9y5x5_partial::ZINC000018229970,ZINC000018229970,A6BD-0303,243_q9y5x5_partial,Q9GZQ6__Q9Y5X5,Q9Y5X5,Q9GZQ6,partial,2.68x67,-10.57,-7.082,-3.488,-10.58,-7.621,-2.981999999999999,-2.717,0.1347747091342521,1
244_q9y5y3_partial::ZINC000429188273,ZINC000429188273,A6BD-0304,244_q9y5y3_partial,Q9BZJ6__Q9Y5Y3,Q9Y5Y3,Q9BZJ6,partial,3.33x33,-5.346,-0.438,-4.908,-5.797,-4.44,-1.356999999999999,-1.29,0.0506776303927307,1
24_p08588_full::ZINC000012802330,ZINC000012802330,A6BD-0030,24_p08588_full,P08173__P08588,P08588,P08173,full,7.42x41,-8.406,-5.811,-2.595000000000001,-8.447,-6.513,-1.933999999999999,-1.87,0.0311555238547941,2
25_adrb1_full::ZINC000771724267,ZINC000771724267,A6BD-0033,25_adrb1_full,P08588__P21728,P08588,P21728,full,2.64x63,-9.509,-5.852,-3.657,-9.201,-7.334,-1.956,-1.398000000000001,0.3547932105075041,17
27_p08908_full::ZINC000009056348,ZINC000009056348,A6BD-0037,27_p08908_full,P08908__P21917,P08908,P21917,full,3.38x38,-8.848,-6.266,-2.582000000000001,-9.151,-7.248,-1.903,-1.815999999999999,0.1773063889304494,1
28_p08908_partial::ZINC001468710053,ZINC001468710053,A6BD-0038,28_p08908_partial,P08908__P35462,P08908,P35462,partial,6.59x59,-8.198,-5.008,-3.19,-7.881,-5.786,-2.054,-2.023000000000001,0.2113328075703235,2
29_p08912_full::ZINC000245318911,ZINC000245318911,A6BD-0039,29_p08912_full,P08172__P08912,P08912,P08172,full,2.50x50,-6.63,-4.513,-2.117,-6.741,-4.796,-1.892,-1.806999999999999,0.086248993552904,4
30_p08912_partial::ZINC000676220106,ZINC000676220106,A6BD-0040,30_p08912_partial,P08173__P08912,P08912,P08173,partial,2.50x50,-6.963,-4.689,-2.274,-7.382,-5.862,-1.486999999999999,-1.416,0.1215922146630561,4
31_p08912_full::ZINC000744265361,ZINC000744265361,A6BD-0041,31_p08912_full,P08912__P11229,P08912,P11229,full,3.47x47,-7.095,-4.971,-2.124,-6.882,-5.33,-1.568,-1.347,0.1482347987334805,1
33_acm5_full::ZINC000017149086,ZINC000017149086,A6BD-0043,33_acm5_full,P08912__P21728,P08912,P21728,full,3.32x32,-7.687,-3.361,-4.326,-8.46,-5.049,-3.495,-3.229,0.2046628664142299,1
35_p08913_full::ZINC000001612081,ZINC000001612081,A6BD-0046,35_p08913_full,P08913__P18825,P08913,P18825,full,6.58x58,-9.607,-4.729,-4.878,-9.593,-5.346,-4.249000000000001,-4.247,0.0038586123009301,7
35_p08913_partial::ZINC000001612081,ZINC000001612081,A6BD-0046,35_p08913_partial,P08913__P18825,P08913,P18825,partial,6.58x58,-9.607,-4.729,-4.878,-9.593,-5.346,-4.249000000000001,-4.247,0.0038586123009301,6
36_p0dms8_full::ZINC000006395255,ZINC000006395255,A6BD-0047,36_p0dms8_full,P0DMS8__P29275,P0DMS8,P29275,full,5.42x43,-6.57,-4.341,-2.229,-6.498,-4.749,-1.750999999999999,-1.691000000000001,0.0403429740544192,1
38_p11229_partial::ZINC001164797226,ZINC001164797226,A6BD-0049,38_p11229_partial,P08172__P11229,P11229,P08172,partial,2.68x67,-7.693,-6.151,-1.542,-8.385,-6.774,-1.627,-1.581,0.0468282915435621,1
42_m1_partial::ZINC000257243296,ZINC000257243296,A6BD-0053,42_m1_partial,P11229__P20309,P11229,P20309,partial,7.46x46,-7.024,-4.565,-2.459,-7.14,-5.455,-1.685,-1.599,0.0802163740558413,1
44_p13945_full::ZINC000002347657,ZINC000002347657,A6BD-0055,44_p13945_full,P07550__P13945,P13945,P07550,full,7.39x38,-11.328,-4.859,-6.468999999999999,-11.391,-5.336,-6.026999999999999,-6.014,0.071614709848373,13
45_p14416_full::ZINC000743221551,ZINC000743221551,A6BD-0057,45_p14416_full,P14416__P35462,P14416,P35462,full,2.68x67,-8.797,-5.767,-3.03,-8.188,-6.365,-1.823,-1.659999999999999,0.2524101600349894,14
45_p14416_partial::ZINC000743221551,ZINC000743221551,A6BD-0057,45_p14416_partial,P14416__P35462,P14416,P35462,partial,2.68x67,-8.797,-5.767,-3.03,-8.188,-6.365,-1.823,-1.659999999999999,0.2524101600349894,5
47_p18089_partial::ZINC000675558570,ZINC000675558570,A6BD-0061,47_p18089_partial,P08913__P18089,P18089,P08913,partial,6.58x58,-7.79,-5.742,-2.048,-7.87,-6.318,-1.591,-1.458,0.0708347058690549,4
49_p18825_full::ZINC000072342982,ZINC000072342982,A6BD-0063,49_p18825_full,P18089__P18825,P18825,P18089,full,7.39x38,-11.382,-6.669,-4.713,-11.095,-6.922,-3.965000000000001,-3.625999999999999,0.2288002525251136,1
50_m3_partial::ZINC001469584086,ZINC001469584086,A6BD-0067,50_m3_partial,P08912__P20309,P20309,P08912,partial,3.32x32,-8.075,-5.476,-2.599,-7.858,-6.54,-1.366,-1.314,0.1169653319958048,9
51_p20309_full::ZINC001164914336,ZINC001164914336,A6BD-0068,51_p20309_full,P11229__P20309,P20309,P11229,full,7.46x46,-6.596,-4.814,-1.782,-7.033,-5.409,-1.543,-1.5,0.0617107950217969,1
51_p20309_partial::ZINC001164914336,ZINC001164914336,A6BD-0068,51_p20309_partial,P11229__P20309,P20309,P11229,partial,7.46x46,-6.596,-4.814,-1.782,-7.033,-5.409,-1.543,-1.5,0.0617107950217969,16
56_s1p1_full::ZINC000096076727,ZINC000096076727,A6BD-0074,56_s1p1_full,P21453__Q99500,P21453,Q99500,full,5.40x40,-8.231,-5.444,-2.787,-8.142,-5.527,-2.228,-2.127,0.2167963714333494,3
56_s1p1_partial::ZINC000096076727,ZINC000096076727,A6BD-0074,56_s1p1_partial,P21453__Q99500,P21453,Q99500,partial,5.40x40,-8.231,-5.444,-2.787,-8.142,-5.527,-2.228,-2.127,0.2167963714333494,5
58_fpr1_full::ZINC000008624247,ZINC000008624247,A6BD-0076,58_fpr1_full,P21462__P25090,P21462,P25090,full,7.43x42,-6.918,-4.1,-2.818,-7.13,-5.45,-1.679999999999999,-1.417,0.1494411812944032,1
60_p21728_full::ZINC000731855411,ZINC000731855411,A6BD-0079,60_p21728_full,P08912__P21728,P21728,P08912,full,3.32x32,-8.89,-5.632,-3.258000000000001,-8.91,-5.618,-3.292,-3.251999999999999,0.0222311093340446,11
62_p21728_full::ZINC000766864988,ZINC000766864988,A6BD-0081,62_p21728_full,P13945__P21728,P21728,P13945,full,3.25x25,-6.942,-3.798,-3.144,-6.765,-4.414,-2.309,-2.22,0.0546158300210559,2
63_p21728_full::ZINC000104688159,ZINC000104688159,A6BD-0082,63_p21728_full,P21728__P21918,P21728,P21918,full,3.29x29,-10.233,-4.445,-5.788,-9.916,-6.652,-3.584000000000001,-2.212999999999999,0.952344592163059,1
63_p21728_partial::ZINC000104688159,ZINC000104688159,A6BD-0082,63_p21728_partial,P21728__P21918,P21728,P21918,partial,3.29x29,-10.233,-4.445,-5.788,-9.916,-6.652,-3.584000000000001,-2.212999999999999,0.952344592163059,1
66_drd1_full::ZINC000769191049,ZINC000769191049,A6BD-0085,66_drd1_full,P21728__Q9Y5N1,P21728,Q9Y5N1,full,3.32x32,-9.724,-5.669,-4.055,-9.707,-5.698,-3.957000000000001,-3.9,0.0746651785565988,23
67_p21917_partial::ZINC000003881936,ZINC000003881936,A6BD-0086,67_p21917_partial,P08908__P21917,P21917,P08908,partial,3.38x38,-7.575,-4.908,-2.667,-7.579,-5.418,-2.161,-2.141999999999999,0.0089566858950296,2
71_lshr_full::ZINC000003420016,ZINC000003420016,A6BD-0093,71_lshr_full,P22888__P23945,P22888,P23945,full,3.52x52,-7.986,-5.6,-2.386,-7.967,-6.317,-1.542000000000001,-1.529,0.1262123431188705,1
73_p23945_full::ZINC000742549914,ZINC000742549914,A6BD-0095,73_p23945_full,P22888__P23945,P23945,P22888,full,3.52x52,-9.485,-6.822,-2.662999999999999,-9.544,-7.374,-2.170000000000001,-2.168000000000001,0.0226421435969883,5
73_p23945_partial::ZINC000742549914,ZINC000742549914,A6BD-0095,73_p23945_partial,P22888__P23945,P23945,P22888,partial,3.52x52,-9.485,-6.822,-2.662999999999999,-9.544,-7.374,-2.170000000000001,-2.168000000000001,0.0226421435969883,1
74_ednrb_partial::ZINC000096156718,ZINC000096156718,A6BD-0096,74_ednrb_partial,P24530__P25101,P24530,P25101,partial,5.46x461,-8.353,-5.955,-2.398,-8.478,-7.22,-1.226,-1.087,0.2262009922367473,3
75_p25021_full::ZINC001164679898,ZINC001164679898,A6BD-0097,75_p25021_full,P25021__P28566,P25021,P28566,full,2.43x43,-7.415,-4.3,-3.115,-7.625,-5.794,-1.749,-1.739000000000001,0.1202774570177915,4
76_hrh2_full::ZINC000024111314,ZINC000024111314,A6BD-0099,76_hrh2_full,P25021__Q13639,P25021,Q13639,full,2.64x63,-8.914,-5.184,-3.73,-8.79,-7.391,-1.398999999999999,-1.09,0.30905339344521,2
77_cxcr1_partial::ZINC000071001018,ZINC000071001018,A6BD-0100,77_cxcr1_partial,P25024__P25025,P25024,P25025,partial,7.43x42,-6.516,-4.171,-2.345,-6.487,-5.252,-1.291,-1.06,0.1128548723902615,3
78_p25024_partial::ZINC000031806909,ZINC000031806909,A6BD-0101,78_p25024_partial,P25024__P51684,P25024,P51684,partial,4.64x65,-6.291,-4.062,-2.229,-6.233,-4.58,-1.638,-1.633,0.0084983658559877,2
79_p25025_partial::ZINC001465041897,ZINC001465041897,A6BD-0102,79_p25025_partial,P25024__P25025,P25025,P25024,partial,7.43x42,-6.737,-4.875,-1.862,-6.753,-5.712,-1.049,-1.022,0.1740619302304656,4
80_p25089_partial::ZINC001164981671,ZINC001164981671,A6BD-0103,80_p25089_partial,P21462__P25089,P25089,P21462,partial,7.43x42,-7.709,-5.305,-2.404,-8.106,-6.205,-1.912000000000001,-1.898,0.0610791835789133,2
81_p25089_full::ZINC001503426797,ZINC001503426797,A6BD-0104,81_p25089_full,P25089__P25090,P25089,P25090,full,2.43x43,-7.331,-4.071,-3.260000000000001,-6.886,-5.104,-1.984999999999999,-1.695000000000001,0.2549579486024225,1
81_p25089_partial::ZINC001503426797,ZINC001503426797,A6BD-0104,81_p25089_partial,P25089__P25090,P25089,P25090,partial,2.43x43,-7.331,-4.071,-3.260000000000001,-6.886,-5.104,-1.984999999999999,-1.695000000000001,0.2549579486024225,3
83_ada1d_full::ZINC000769830839,ZINC000769830839,A6BD-0107,83_ada1d_full,P25100__P35368,P25100,P35368,full,5.46x461,-8.86,-4.876,-3.984,-8.831,-5.718,-3.264,-3.113,0.0721433757642843,1
85_p25103_partial::ZINC000675989290,ZINC000675989290,A6BD-0109,85_p25103_partial,P21452__P25103,P25103,P21452,partial,3.40x40,-7.268,-4.653,-2.615,-7.434,-5.567,-1.867,-1.125999999999999,0.3538741144657081,1
87_p25103_full::ZINC000786084747,ZINC000786084747,A6BD-0111,87_p25103_full,P25103__P32247,P25103,P32247,full,3.28x28,-7.8,-3.513,-4.287,-7.653,-4.474,-3.194999999999999,-3.104,0.1081675654816278,14
89_5ht1d_full::ZINC000004821857,ZINC000004821857,A6BD-0113,89_5ht1d_full,P28221__P28222,P28221,P28222,full,7.46x46,-5.851,-2.766,-3.085,-6.226,-5.042,-1.185,-1.168,0.024796953217863,1
90_5ht1d_full::ZINC000008735285,ZINC000008735285,A6BD-0114,90_5ht1d_full,P28221__P28566,P28221,P28566,full,7.49x49,-9.319,-5.936,-3.383,-9.337,-6.488,-2.841,-2.784,0.0532060982302675,1
92_5ht1d_full::ZINC000020344994,ZINC000020344994,A6BD-0116,92_5ht1d_full,P28221__P47898,P28221,P47898,full,7.35x34,-8.979,-4.936,-4.043,-8.875,-5.628,-2.868,-2.811999999999999,0.3119658100924955,1
92_5ht1d_partial::ZINC000020344994,ZINC000020344994,A6BD-0116,92_5ht1d_partial,P28221__P47898,P28221,P47898,partial,7.35x34,-8.979,-4.936,-4.043,-8.875,-5.628,-2.868,-2.811999999999999,0.3119658100924955,1
96_5ht2a_partial::ZINC000009086175,ZINC000009086175,A6BD-0120,96_5ht2a_partial,P28223__P41595,P28223,P41595,partial,7.35x34,-11.597,-5.331,-6.266,-11.54,-5.511,-6.008999999999999,-4.842999999999999,0.5640785997240692,1
97_nmbr_full::ZINC000766625359,ZINC000766625359,A6BD-0121,97_nmbr_full,P28336__P30550,P28336,P30550,full,2.46x46,-7.832,-5.229,-2.603,-7.807,-6.087,-1.707,-1.414,0.1443752825875062,1
98_p28336_partial::ZINC000306129509,ZINC000306129509,A6BD-0122,98_p28336_partial,P28336__P32247,P28336,P32247,partial,2.61x60,-9.831,-6.45,-3.380999999999999,-9.359,-6.568,-2.788000000000001,-2.78,0.1098857993049554,1
99_p28566_full::ZINC001128975210,ZINC001128975210,A6BD-0123,99_p28566_full,P18825__P28566,P28566,P18825,full,7.53x53,-9.75,-6.173,-3.577,-9.784,-6.302,-3.492000000000001,-3.473000000000001,0.0830943239136498,14
99_p28566_partial::ZINC001128975210,ZINC001128975210,A6BD-0123,99_p28566_partial,P18825__P28566,P28566,P18825,partial,7.53x53,-9.75,-6.173,-3.577,-9.784,-6.302,-3.492000000000001,-3.473000000000001,0.0830943239136498,7
